customer_id,customer_name,customer_age,Customer_type,country,city,state,SMS_Marketing,Email_Marketing,Membership_type,Joining_date,App_Downloaded
ANN-3175,Annie Zypern,59,City Club,United States,New York City,New York,NO,YES,Gold,02-09-2018,NO
JMS-5384,Joseph Holt,51,City Club,United States,Saginaw,Michigan,YES,YES,Basic,03-09-2018,YES
VCL-5946,Vivek Sundaresam,22,City Club,United States,Los Angeles,California,NO,YES,Basic,05-09-2018,NO
DOC-8059,Dan Lawera,26,City Club,United States,Cincinnati,Ohio,NO,YES,Silver,06-09-2018,YES
ATG-5352,Alice McCarthy,45,State Club,United States,Grand Prairie,Texas,NO,NO,Basic,06-09-2018,NO
JTS-2265,John Castell,22,City Club,United States,San Antonio,Texas,YES,YES,Gold,06-09-2018,NO
MMC-4480,Michael Granlund,31,University team,United States,Clinton,Maryland,YES,NO,Silver,06-09-2018,NO
ECF-4113,Erica Bern,53,State Club,United States,Fairfield,California,YES,YES,Basic,07-09-2018,NO
PPP-4143,Patrick O'Brill,59,City Club,United States,Philadelphia,Pennsylvania,YES,NO,Silver,08-09-2018,YES
RNW-1900,Robert Waldorf,29,City Club,United States,Wilmington,North Carolina,NO,YES,Gold,08-09-2018,NO
AIA-8363,Arthur Wiediger,58,University team,United States,Aurora,Illinois,YES,YES,Basic,10-09-2018,NO
JCM-4112,John Lee,57,City Club,United States,Mission Viejo,California,YES,YES,Silver,11-09-2018,NO
JCL-6913,Jay Kimmel,27,City Club,United States,Long Beach,California,NO,NO,Basic,12-09-2018,NO
EIA-8233,Eugene Hildebrand,41,University team,United States,Aurora,Illinois,YES,NO,Silver,13-09-2018,NO
DWS-2275,Dave Brooks,50,City Club,United States,Seattle,Washington,YES,YES,Basic,15-09-2018,YES
GPL-3342,Guy Phonely,28,State Club,United States,Lancaster,Pennsylvania,NO,NO,Basic,15-09-2018,YES
STH-8055,Stuart Calhoun,20,General customer,United States,Houston,Texas,YES,NO,Gold,16-09-2018,NO
MCL-2701,Monica Federle,34,State Club,United States,Los Angeles,California,NO,NO,Basic,18-09-2018,NO
EVV-7153,Evan Minnotte,52,University team,United States,Virginia Beach,Virginia,YES,YES,Basic,18-09-2018,YES
BIE-4041,Beth Paige,26,City Club,United States,Evanston,Illinois,NO,NO,Gold,18-09-2018,YES
JIC-5265,Jennifer Braxton,39,State Club,United States,Chicago,Illinois,NO,YES,Basic,18-09-2018,YES
NMJ-9619,Natalie Fritzler,23,City Club,United States,Jackson,Mississippi,NO,YES,Basic,19-09-2018,YES
TNN-6165,Tim Brockman,39,City Club,United States,New York City,New York,YES,YES,Silver,19-09-2018,YES
NNN-7443,Nora Pelletier,42,University team,United States,Niagara Falls,New York,NO,YES,Basic,20-09-2018,YES
DGR-1400,Denise Monton,46,State Club,United States,Roswell,Georgia,NO,YES,Basic,20-09-2018,NO
RCS-8931,Ralph Ritter,31,City Club,United States,San Francisco,California,YES,YES,Gold,21-09-2018,YES
LMT-5921,Laura Armstrong,59,State Club,United States,Taylor,Michigan,NO,NO,Gold,21-09-2018,YES
HCS-7593,Helen Wasserman,55,State Club,United States,San Diego,California,NO,NO,Gold,22-09-2018,YES
JNB-8166,Jennifer Halladay,48,City Club,United States,Burlington,North Carolina,NO,YES,Basic,22-09-2018,YES
BWG-9500,Barry Franzosisch,67,State Club,United States,Green Bay,Wisconsin,NO,YES,Gold,23-09-2018,YES
JGC-1526,Julie Prescott,57,University team,United States,Columbus,Georgia,YES,NO,Gold,23-09-2018,YES
MNL-2350,Maya Herman,51,State Club,United States,Lindenhurst,New York,NO,NO,Basic,24-09-2018,YES
ANC-2355,Andrew Allen,50,City Club,United States,Concord,North Carolina,NO,YES,Gold,24-09-2018,NO
KFJ-5416,Kean Nguyen,47,State Club,United States,Jacksonville,Florida,NO,YES,Gold,25-09-2018,YES
NPP-7954,Nicole Brennan,33,State Club,United States,Philadelphia,Pennsylvania,NO,NO,Gold,25-09-2018,NO
DCO-8288,Daniel Lacy,23,City Club,United States,Oceanside,California,NO,NO,Silver,26-09-2018,NO
STJ-2210,Stefanie Holloman,57,State Club,United States,Jackson,Tennessee,YES,YES,Basic,26-09-2018,NO
JPP-5711,John Lucas,70,City Club,United States,Philadelphia,Pennsylvania,YES,NO,Gold,26-09-2018,NO
MII-4681,Michael Dominguez,21,State Club,United States,Indianapolis,Indiana,YES,YES,Gold,26-09-2018,NO
HLL-7692,Harry Greene,63,City Club,United States,Lake Charles,Louisiana,NO,YES,Gold,27-09-2018,NO
PWM-6328,Pete Kriz,46,City Club,United States,Madison,Wisconsin,NO,YES,Basic,29-09-2018,NO
JNN-6334,John Grady,26,State Club,United States,New York City,New York,NO,YES,Silver,30-09-2018,YES
AUW-6395,Alejandro Grove,18,City Club,United States,West Jordan,Utah,NO,NO,Gold,04-10-2018,NO
SCL-4567,Susan Pistek,37,City Club,United States,Los Angeles,California,NO,NO,Silver,04-10-2018,YES
MCS-9659,Maria Zettner,29,University team,United States,San Diego,California,YES,NO,Silver,05-10-2018,YES
AMM-6487,Amy Cox,46,City Club,United States,Minneapolis,Minnesota,NO,NO,Basic,07-10-2018,NO
ESS-8304,Elizabeth Moffitt,63,State Club,United States,Sioux Falls,South Dakota,NO,NO,Gold,08-10-2018,YES
PPP-3669,Paul Knutson,42,University team,United States,Philadelphia,Pennsylvania,NO,NO,Basic,09-10-2018,NO
LCS-6057,Lindsay Williams,58,State Club,United States,San Francisco,California,YES,YES,Basic,10-10-2018,YES
CNF-3673,Carlos Meador,56,City Club,United States,Fayetteville,North Carolina,NO,NO,Basic,11-10-2018,NO
SPP-9833,Sung Pak,38,State Club,United States,Philadelphia,Pennsylvania,YES,NO,Silver,12-10-2018,YES
JNN-3059,Jim Kriz,31,University team,United States,New York City,New York,NO,NO,Gold,13-10-2018,YES
ACS-3518,Alyssa Crouse,69,State Club,United States,San Francisco,California,YES,YES,Silver,13-10-2018,NO
STH-4577,Shirley Jackson,69,City Club,United States,Houston,Texas,NO,NO,Silver,13-10-2018,YES
EFM-7145,Erin Smith,20,State Club,United States,Melbourne,Florida,NO,YES,Basic,13-10-2018,NO
RTA-9811,Russell D'Ascenzo,67,City Club,United States,Austin,Texas,YES,NO,Gold,13-10-2018,YES
ECS-2573,Eileen Kiefer,25,University team,United States,Santa Ana,California,NO,YES,Basic,15-10-2018,NO
RND-4914,Randy Ferguson,48,State Club,United States,Dover,New Hampshire,YES,NO,Silver,15-10-2018,NO
EWS-8823,Ellis Ballard,25,State Club,United States,Seattle,Washington,NO,YES,Gold,16-10-2018,NO
TAP-4410,Troy Staebel,33,City Club,United States,Phoenix,Arizona,NO,NO,Silver,16-10-2018,NO
KCF-9670,Kristina Nunn,65,University team,United States,Fort Collins,Colorado,YES,NO,Basic,16-10-2018,YES
RTH-9747,Russell Applegate,47,City Club,United States,Houston,Texas,YES,NO,Basic,18-10-2018,YES
LCN-7878,Liz Willingham,55,City Club,United States,Norwich,Connecticut,NO,YES,Silver,18-10-2018,YES
STH-6449,Sean Braxton,41,State Club,United States,Houston,Texas,NO,NO,Silver,19-10-2018,NO
BOC-4975,Brooke Gillingham,46,State Club,United States,Cincinnati,Ohio,NO,YES,Gold,19-10-2018,YES
HTH-8638,Hunter Lopez,65,City Club,United States,Houston,Texas,YES,YES,Basic,19-10-2018,NO
SCL-3560,Sharelle Roach,25,University team,United States,Louisville,Colorado,NO,YES,Gold,20-10-2018,NO
GPP-5758,Giulietta Baptist,50,City Club,United States,Philadelphia,Pennsylvania,YES,NO,Gold,21-10-2018,YES
LIS-4746,Luke Schmidt,59,State Club,United States,Skokie,Illinois,YES,NO,Gold,21-10-2018,NO
JWS-8652,Jason Fortune-,59,City Club,United States,Seattle,Washington,YES,YES,Silver,22-10-2018,NO
TWS-1230,Tom Prescott,52,City Club,United States,Seattle,Washington,NO,NO,Basic,22-10-2018,YES
DID-9388,David Kendrick,20,State Club,United States,Decatur,Illinois,NO,NO,Basic,23-10-2018,NO
FIL-9065,Frank Hawley,26,State Club,United States,La Porte,Indiana,YES,NO,Basic,25-10-2018,YES
FCL-2003,Frank Atkinson,34,State Club,United States,Long Beach,California,YES,YES,Basic,25-10-2018,NO
JWF-1222,Justin Ellison,49,State Club,United States,Franklin,Wisconsin,NO,NO,Gold,26-10-2018,YES
BNC-9639,Brad Norvell,20,State Club,United States,Cary,North Carolina,YES,NO,Gold,26-10-2018,NO
LCA-9906,Lena Cacioppo,63,City Club,United States,Aurora,Colorado,YES,YES,Basic,27-10-2018,NO
CCN-5348,Cathy Prescott,62,State Club,United States,Norwich,Connecticut,YES,NO,Basic,28-10-2018,YES
TAF-4227,Thomas Brumley,29,University team,United States,Fayetteville,Arkansas,NO,YES,Silver,29-10-2018,NO
LNR-1767,Lauren Leatherbury,29,City Club,United States,Rochester,New York,NO,NO,Basic,29-10-2018,NO
ICS-3169,Ivan Gibson,63,City Club,United States,San Diego,California,YES,NO,Silver,30-10-2018,NO
NTD-7573,Neola Schneider,54,City Club,United States,Dallas,Texas,NO,NO,Silver,30-10-2018,NO
SMI-5930,Sandra Glassco,52,City Club,United States,Independence,Missouri,YES,NO,Basic,30-10-2018,NO
NTD-1237,Nona Balk,42,State Club,United States,Dallas,Texas,NO,YES,Silver,30-10-2018,YES
MDW-4279,Magdelene Morse,49,City Club,United States,Wilmington,Delaware,NO,NO,Gold,03-11-2018,YES
HTF-6203,Harold Pawlan,20,University team,United States,Fort Worth,Texas,YES,NO,Basic,03-11-2018,NO
AAT-2092,Ann Blume,34,State Club,United States,Tucson,Arizona,YES,YES,Basic,07-11-2018,NO
FNN-2120,Frank Olsen,22,City Club,United States,New York City,New York,NO,NO,Silver,07-11-2018,NO
PIB-6318,Philip Fox,30,City Club,United States,Bloomington,Illinois,YES,NO,Silver,09-11-2018,YES
BLM-3639,Barry Gonzalez,57,City Club,United States,Monroe,Louisiana,YES,YES,Basic,09-11-2018,NO
JFJ-8533,Jocasta Rupert,69,City Club,United States,Jacksonville,Florida,NO,YES,Basic,09-11-2018,NO
GWS-5921,Giulietta Weimer,49,City Club,United States,Seattle,Washington,YES,YES,Gold,12-11-2018,NO
BCC-2152,Beth Thompson,38,University team,United States,Costa Mesa,California,YES,NO,Gold,13-11-2018,NO
ECS-7019,Erica Smith,47,City Club,United States,San Francisco,California,NO,YES,Basic,14-11-2018,NO
XCS-4935,Xylona Preis,32,City Club,United States,San Diego,California,NO,YES,Gold,14-11-2018,NO
EPP-1461,Eugene Barchas,44,City Club,United States,Philadelphia,Pennsylvania,YES,YES,Gold,14-11-2018,NO
AWS-1821,Aaron Bergman,66,City Club,United States,Seattle,Washington,YES,YES,Gold,15-11-2018,YES
JWS-2264,Jeremy Farry,38,City Club,United States,Seattle,Washington,NO,NO,Basic,16-11-2018,YES
AOL-2081,Alejandro Ballentine,34,University team,United States,Lorain,Ohio,YES,NO,Silver,16-11-2018,NO
FCL-9177,Frank Merwin,45,University team,United States,Los Angeles,California,NO,NO,Gold,17-11-2018,NO
CNN-7529,Cyra Reiten,38,University team,United States,New York City,New York,YES,YES,Silver,17-11-2018,NO
HTA-4337,Hunter Glantz,30,City Club,United States,Amarillo,Texas,YES,NO,Gold,17-11-2018,NO
SCP-5024,Sam Zeldin,39,University team,United States,Pico Rivera,California,YES,NO,Silver,18-11-2018,YES
SNN-9871,Sibella Parks,68,State Club,United States,New York City,New York,NO,NO,Gold,18-11-2018,NO
RTD-8293,Richard Eichhorn,30,City Club,United States,Dallas,Texas,NO,YES,Silver,19-11-2018,NO
TML-7256,Tamara Dahlen,19,City Club,United States,Lowell,Massachusetts,NO,YES,Basic,22-11-2018,YES
BCL-2258,Bill Overfelt,46,State Club,United States,Los Angeles,California,NO,NO,Basic,23-11-2018,NO
STA-8687,Scot Coram,20,State Club,United States,Arlington,Texas,YES,YES,Gold,24-11-2018,NO
RAH-5741,Rob Haberlin,21,City Club,United States,Huntsville,Alabama,YES,NO,Basic,28-11-2018,NO
RWO-3813,Rick Duston,47,City Club,United States,Olympia,Washington,NO,NO,Basic,29-11-2018,YES
PMR-2256,Paul Gonzalez,64,City Club,United States,Rochester,Minnesota,NO,YES,Gold,29-11-2018,YES
BKB-4643,Brian Derr,42,City Club,United States,Bowling Green,Kentucky,NO,YES,Gold,02-12-2018,NO
CFT-6427,Cynthia Arntzen,57,City Club,United States,Tampa,Florida,NO,YES,Gold,02-12-2018,NO
HII-5182,Herbert Flentye,19,City Club,United States,Indianapolis,Indiana,YES,NO,Basic,04-12-2018,YES
BNA-2914,Benjamin Farhat,69,University team,United States,Albuquerque,New Mexico,NO,NO,Basic,07-12-2018,YES
GCS-3241,Georgia Rosenberg,33,State Club,United States,San Francisco,California,YES,YES,Basic,07-12-2018,NO
CPP-8584,Chloris Kastensmidt,61,City Club,United States,Philadelphia,Pennsylvania,YES,NO,Basic,08-12-2018,YES
RCR-2962,Rachel Payne,47,State Club,United States,Riverside,California,YES,YES,Gold,08-12-2018,NO
BMC-1288,Brad Thomas,66,University team,United States,Clinton,Maryland,NO,NO,Gold,10-12-2018,YES
SCS-7963,Scott Cohen,24,State Club,United States,San Francisco,California,YES,NO,Basic,10-12-2018,NO
AMF-5037,Allen Rosenblatt,66,State Club,United States,Franklin,Massachusetts,NO,NO,Silver,11-12-2018,NO
KCO-8353,Kelly Andreada,59,City Club,United States,Ontario,California,YES,YES,Silver,14-12-2018,NO
STH-7695,Stuart Van,42,State Club,United States,Houston,Texas,NO,YES,Gold,16-12-2018,YES
GAT-5033,Gary Hwang,63,City Club,United States,Tucson,Arizona,NO,YES,Basic,16-12-2018,NO
TTC-8435,Tony Sayre,32,City Club,United States,Columbia,Tennessee,NO,YES,Basic,17-12-2018,YES
RMR-3857,Rick Hansen,19,City Club,United States,Rochester,Minnesota,YES,YES,Silver,19-12-2018,NO
PCL-2560,Philip Brown,30,City Club,United States,Los Angeles,California,YES,YES,Gold,20-12-2018,YES
NOC-5529,Nathan Gelder,50,City Club,United States,Cincinnati,Ohio,YES,NO,Basic,21-12-2018,NO
MNN-9109,Mitch Webber,69,City Club,United States,New York City,New York,NO,NO,Gold,23-12-2018,YES
NIA-9339,Nick Radford,21,City Club,United States,Aurora,Illinois,NO,NO,Basic,25-12-2018,NO
SWM-3062,Sarah Foster,38,City Club,United States,Marysville,Washington,YES,YES,Gold,25-12-2018,YES
AFT-6395,Alan Haines,67,State Club,United States,Tamarac,Florida,YES,NO,Basic,26-12-2018,NO
BKO-1635,Brad Eason,20,University team,United States,Olathe,Kansas,NO,YES,Silver,26-12-2018,YES
TIA-9588,Tonja Turnell,22,University team,United States,Aurora,Illinois,YES,NO,Silver,27-12-2018,YES
GWS-5876,Greg Matthias,69,City Club,United States,Seattle,Washington,NO,YES,Gold,28-12-2018,YES
JCM-8202,Jim Radford,18,City Club,United States,Middletown,Connecticut,YES,YES,Silver,30-12-2018,YES
PFL-8006,Patricia Hirasaki,55,University team,United States,Lakeland,Florida,NO,NO,Silver,30-12-2018,YES
MPP-3538,Mike Gockenbach,51,City Club,United States,Philadelphia,Pennsylvania,YES,NO,Basic,04-01-2019,NO
SMJ-1121,Stephanie Ulpright,30,University team,United States,Jackson,Mississippi,NO,YES,Gold,06-01-2019,NO
BWM-1169,Bart Watters,50,State Club,United States,Milwaukee,Wisconsin,YES,YES,Silver,07-01-2019,YES
NTI-5540,Nicole Hansen,44,State Club,United States,Irving,Texas,NO,YES,Silver,07-01-2019,YES
MNN-3525,Mike Vittorini,66,City Club,United States,New York City,New York,NO,YES,Gold,08-01-2019,NO
GCS-1204,Gary McGarr,19,City Club,United States,San Francisco,California,YES,NO,Gold,09-01-2019,NO
VOM-1294,Victoria Wilson,62,State Club,United States,Medina,Ohio,NO,YES,Silver,10-01-2019,YES
CTH-9153,Cathy Armstrong,67,University team,United States,Houston,Texas,YES,NO,Basic,11-01-2019,NO
CTB-1570,Charles McCrossin,58,City Club,United States,Brownsville,Texas,NO,NO,Silver,12-01-2019,NO
TTG-9026,Trudy Brown,63,City Club,United States,Grand Prairie,Texas,NO,YES,Gold,13-01-2019,NO
PCL-4731,Pierre Wener,70,City Club,United States,Louisville,Colorado,NO,NO,Silver,16-01-2019,NO
RLM-7885,Robert Marley,57,University team,United States,Monroe,Louisiana,NO,NO,Gold,18-01-2019,NO
DNL-7991,Denise Leinenbach,69,City Club,United States,Las Cruces,New Mexico,YES,YES,Silver,18-01-2019,YES
CGC-2640,Chuck Sachs,44,City Club,United States,Columbus,Georgia,YES,YES,Basic,19-01-2019,YES
JPC-3843,Jesus Ocampo,58,University team,United States,Chester,Pennsylvania,YES,NO,Basic,19-01-2019,YES
VDN-2363,Vivian Mathis,60,City Club,United States,Newark,Delaware,NO,NO,Gold,23-01-2019,NO
YCS-7265,Yoseph Carroll,42,State Club,United States,San Francisco,California,NO,NO,Silver,23-01-2019,NO
JAP-9226,Joseph Airdo,56,City Club,United States,Phoenix,Arizona,YES,NO,Silver,25-01-2019,YES
EWS-8300,Edward Becker,20,State Club,United States,Seattle,Washington,NO,YES,Basic,26-01-2019,NO
GNA-5909,George Bell,41,State Club,United States,Auburn,New York,NO,YES,Silver,28-01-2019,YES
TWM-2171,Trudy Schmidt,21,City Club,United States,Milwaukee,Wisconsin,YES,NO,Basic,28-01-2019,YES
SCL-4217,Skye Norling,65,University team,United States,Los Angeles,California,NO,NO,Gold,30-01-2019,YES
BTH-9581,Bryan Davis,50,City Club,United States,Houston,Texas,YES,YES,Gold,31-01-2019,NO
KCS-1848,Katherine Ducich,33,City Club,United States,San Francisco,California,NO,NO,Basic,02-02-2019,YES
APP-1498,Anthony Garverick,40,University team,United States,Philadelphia,Pennsylvania,YES,YES,Basic,02-02-2019,NO
FOD-4104,Filia McAdams,62,State Club,United States,Dublin,Ohio,NO,YES,Silver,03-02-2019,NO
SNN-8014,Speros Goranitis,69,City Club,United States,New York City,New York,YES,YES,Silver,04-02-2019,YES
CTC-6199,Charles Sheldon,67,State Club,United States,Columbia,Tennessee,NO,YES,Gold,04-02-2019,NO
ACL-6790,Anthony O'Donnell,66,General customer,United States,Los Angeles,California,NO,YES,Basic,05-02-2019,YES
LIN-9795,Linda Cazamias,31,State Club,United States,Naperville,Illinois,YES,NO,Silver,05-02-2019,NO
CCH-7285,Caroline Jumper,64,City Club,United States,Huntington Beach,California,YES,YES,Gold,08-02-2019,NO
TAP-8845,Thais Sissman,21,City Club,United States,Phoenix,Arizona,YES,YES,Basic,08-02-2019,NO
DGW-7776,Denny Joy,21,State Club,United States,Warner Robins,Georgia,NO,YES,Silver,11-02-2019,YES
BCP-5078,Barry Franz,56,University team,United States,Pasadena,California,YES,YES,Basic,11-02-2019,YES
TCL-9087,Ted Trevino,67,City Club,United States,Los Angeles,California,YES,YES,Silver,12-02-2019,NO
ZOS-1180,Zuschuss Carroll,61,City Club,United States,Salem,Oregon,NO,NO,Gold,13-02-2019,NO
TNT-4483,Ted Butterfield,34,City Club,United States,Troy,New York,NO,NO,Gold,14-02-2019,NO
SCL-8924,Shahid Shariari,35,City Club,United States,Los Angeles,California,YES,YES,Gold,15-02-2019,NO
BNN-1307,Brendan Murry,22,State Club,United States,New York City,New York,NO,NO,Silver,15-02-2019,NO
RCL-9938,Ross DeVincentis,35,University team,United States,Los Angeles,California,NO,NO,Silver,16-02-2019,NO
CCS-3111,Chuck Magee,27,City Club,United States,San Francisco,California,NO,NO,Basic,18-02-2019,YES
KCL-2471,Karen Bern,42,State Club,United States,Los Angeles,California,NO,NO,Silver,19-02-2019,NO
BCL-7128,Bradley Talbott,34,University team,United States,Los Angeles,California,NO,YES,Basic,19-02-2019,NO
KNB-1585,Kean Thornton,51,City Club,United States,Buffalo,New York,YES,NO,Gold,19-02-2019,YES
CMS-9667,Craig Leslie,36,University team,United States,Springfield,Missouri,YES,NO,Silver,19-02-2019,YES
DIN-5833,Darren Powers,40,City Club,United States,New Albany,Indiana,YES,NO,Silver,22-02-2019,NO
AFS-1546,Anthony Johnson,27,State Club,United States,Saint Petersburg,Florida,NO,YES,Basic,22-02-2019,YES
VVV-5964,Vivek Grady,54,State Club,United States,Virginia Beach,Virginia,NO,YES,Silver,23-02-2019,YES
TNN-3756,Todd Boyes,53,State Club,United States,New York City,New York,NO,YES,Silver,25-02-2019,YES
PCS-5410,Phillip Flathmann,49,City Club,United States,San Francisco,California,NO,YES,Basic,25-02-2019,YES
JVS-1918,Joel Jenkins,59,University team,United States,Springfield,Virginia,YES,NO,Basic,27-02-2019,YES
JNA-7065,Joe Kamberova,69,City Club,United States,Asheville,North Carolina,YES,NO,Gold,27-02-2019,NO
TCL-9889,Tim Taslimi,69,State Club,United States,Los Angeles,California,NO,NO,Silver,28-02-2019,NO
MCM-7611,Michael Kennedy,20,State Club,United States,Manchester,Connecticut,NO,YES,Gold,28-02-2019,YES
DCD-7969,Dianna Vittorini,60,City Club,United States,Denver,Colorado,NO,NO,Silver,01-03-2019,NO
PUS-2833,Patrick Bzostek,61,University team,United States,Salt Lake City,Utah,NO,NO,Basic,02-03-2019,YES
TPP-1328,Theone Pippenger,64,City Club,United States,Philadelphia,Pennsylvania,NO,NO,Basic,04-03-2019,NO
LCS-9095,Lena Radford,35,City Club,United States,San Diego,California,YES,YES,Basic,05-03-2019,YES
JMM-5574,Justin Deggeller,37,State Club,United States,Minneapolis,Minnesota,NO,YES,Basic,05-03-2019,NO
MCA-9119,Max Engle,50,City Club,United States,Aurora,Colorado,NO,NO,Basic,07-03-2019,NO
MCL-8312,Marina Lichtenstein,44,State Club,United States,Los Angeles,California,NO,NO,Gold,07-03-2019,YES
CNL-1564,Cyma Kinney,18,State Club,United States,Linden,New Jersey,NO,NO,Basic,08-03-2019,NO
JTH-9894,Jack Lebron,63,City Club,United States,Houston,Texas,YES,NO,Gold,11-03-2019,NO
DMQ-7399,Duane Huffman,65,University team,United States,Quincy,Massachusetts,YES,NO,Basic,11-03-2019,YES
RTH-5274,Raymond Messe,39,City Club,United States,Houston,Texas,YES,YES,Silver,11-03-2019,YES
IWS-1992,Irene Maddox,66,City Club,United States,Seattle,Washington,YES,YES,Silver,11-03-2019,YES
CCS-7562,Cynthia Delaney,70,University team,United States,San Diego,California,NO,NO,Gold,12-03-2019,NO
BMD-4157,Bill Tyler,32,State Club,United States,Detroit,Michigan,YES,NO,Basic,12-03-2019,YES
RFT-6296,Ritsa Hightower,61,City Club,United States,Tallahassee,Florida,NO,YES,Silver,12-03-2019,NO
RWK-5222,Roy Phan,50,State Club,United States,Kenosha,Wisconsin,YES,NO,Basic,14-03-2019,YES
JWM-8190,Jim Epp,38,State Club,United States,Milwaukee,Wisconsin,YES,NO,Basic,14-03-2019,YES
SOP-3478,Shui Tom,26,City Club,United States,Parma,Ohio,YES,YES,Basic,14-03-2019,YES
STM-6957,Susan Gilcrest,41,State Club,United States,Mcallen,Texas,YES,NO,Basic,14-03-2019,YES
CNG-5529,Craig Carroll,59,City Club,United States,Greensboro,North Carolina,YES,NO,Gold,15-03-2019,NO
FCA-2780,Fred McMath,30,City Club,United States,Aurora,Colorado,NO,YES,Silver,16-03-2019,NO
SCA-1571,Shaun Chance,28,State Club,United States,Aurora,Colorado,NO,NO,Basic,17-03-2019,YES
GCS-5188,George Ashbrook,42,City Club,United States,San Francisco,California,YES,NO,Basic,17-03-2019,NO
LNC-8822,Larry Hughes,37,City Club,United States,Charlotte,North Carolina,YES,NO,Silver,18-03-2019,YES
RNN-8782,Ralph Arnett,45,City Club,United States,New York City,New York,YES,YES,Silver,19-03-2019,NO
HCP-2471,Helen Andreada,48,City Club,United States,Pasadena,California,YES,YES,Silver,19-03-2019,NO
ROC-8082,Resi Polking,44,City Club,United States,Cleveland,Ohio,YES,YES,Basic,24-03-2019,YES
CPP-7317,Corey Catlett,18,State Club,United States,Philadelphia,Pennsylvania,NO,YES,Basic,24-03-2019,YES
ANN-9472,Adam Hart,21,State Club,United States,New York City,New York,NO,NO,Basic,24-03-2019,YES
SFF-4263,Sean O'Donnell,65,City Club,United States,Fort Lauderdale,Florida,NO,YES,Gold,25-03-2019,NO
LCE-2494,Larry Tron,42,City Club,United States,Escondido,California,NO,YES,Gold,26-03-2019,YES
DKR-9368,Dave Hallsten,58,State Club,United States,Richmond,Kentucky,NO,YES,Gold,26-03-2019,YES
LTF-3053,Larry Blacks,65,City Club,United States,Fort Worth,Texas,YES,YES,Basic,27-03-2019,YES
MAF-6232,Maribeth Dona,31,City Club,United States,Fayetteville,Arkansas,YES,NO,Gold,27-03-2019,NO
BKR-8279,Bruce Degenhardt,36,City Club,United States,Richmond,Kentucky,NO,NO,Gold,27-03-2019,YES
RKH-2797,Rob Dowd,60,City Club,United States,Henderson,Kentucky,NO,NO,Silver,28-03-2019,NO
KCS-8244,Kelly Collister,39,City Club,United States,San Diego,California,YES,YES,Basic,28-03-2019,NO
CIC-2801,Christopher Schild,33,University team,United States,Chicago,Illinois,YES,NO,Silver,29-03-2019,YES
JTD-7635,Jill Fjeld,36,City Club,United States,Dallas,Texas,NO,YES,Gold,01-04-2019,YES
CIL-2242,Chris Cortes,18,City Club,United States,La Porte,Indiana,NO,YES,Basic,01-04-2019,NO
AIC-1971,Angele Hood,34,City Club,United States,Chicago,Illinois,YES,NO,Gold,02-04-2019,YES
SFH-5620,Steve Chapman,46,State Club,United States,Hialeah,Florida,YES,NO,Gold,02-04-2019,NO
MNP-8645,Matt Collister,36,State Club,United States,Perth Amboy,New Jersey,YES,NO,Basic,03-04-2019,YES
TTH-1712,Thomas Boland,45,State Club,United States,Houston,Texas,YES,NO,Basic,03-04-2019,NO
ECL-2050,Eric Hoffmann,21,City Club,United States,Los Angeles,California,YES,YES,Basic,03-04-2019,NO
NML-9691,Nat Carroll,45,City Club,United States,Lansing,Michigan,YES,YES,Gold,04-04-2019,YES
RMS-4103,Robert Dilbeck,53,University team,United States,Saint Peters,Missouri,YES,NO,Basic,05-04-2019,YES
ENN-4855,Edward Nazzal,64,City Club,United States,New York City,New York,NO,YES,Basic,05-04-2019,NO
TNN-5790,Tracy Hopkins,48,University team,United States,New York City,New York,NO,NO,Silver,06-04-2019,YES
DAF-5360,Dan Campbell,50,City Club,United States,Florence,Alabama,YES,YES,Silver,06-04-2019,NO
KNN-8448,Kalyca Meade,57,State Club,United States,New York City,New York,YES,NO,Gold,12-04-2019,NO
DWS-2016,Darrin Sayre,62,University team,United States,Seattle,Washington,YES,YES,Basic,14-04-2019,NO
RPP-5255,Randy Bradley,63,City Club,United States,Philadelphia,Pennsylvania,NO,YES,Gold,14-04-2019,NO
BNN-1965,Bryan Spruell,53,University team,United States,New York City,New York,NO,NO,Silver,15-04-2019,YES
BIP-7681,Bart Pistole,30,State Club,United States,Peoria,Illinois,YES,NO,Basic,15-04-2019,YES
SNN-7928,Shirley Daniels,70,University team,United States,New Rochelle,New York,YES,NO,Basic,16-04-2019,NO
VCS-9342,Vivek Gonzalez,44,City Club,United States,San Diego,California,YES,YES,Basic,16-04-2019,YES
TTD-2864,Tiffany House,28,State Club,United States,Dallas,Texas,NO,NO,Basic,17-04-2019,NO
JNM-9909,Jill Matthias,37,City Club,United States,Monroe,North Carolina,YES,NO,Silver,19-04-2019,NO
EPP-4058,Eric Murdock,46,City Club,United States,Philadelphia,Pennsylvania,NO,YES,Basic,22-04-2019,NO
ECD-3328,Erica Hernandez,38,University team,United States,Denver,Colorado,YES,NO,Basic,22-04-2019,YES
SWS-8892,Sonia Sunley,51,City Club,United States,Seattle,Washington,YES,NO,Gold,23-04-2019,YES
EOA-2328,Ed Braxton,41,State Club,United States,Akron,Ohio,NO,NO,Silver,23-04-2019,YES
KNN-8732,Keith Dawkins,68,State Club,United States,New York City,New York,NO,NO,Basic,24-04-2019,YES
ATH-8091,Anna Gayman,69,City Club,United States,Houston,Texas,YES,NO,Gold,26-04-2019,NO
OCL-5776,Olvera Toch,39,City Club,United States,Los Angeles,California,YES,YES,Gold,27-04-2019,NO
TAP-1045,Tanja Norvell,37,University team,United States,Phoenix,Arizona,YES,NO,Silver,29-04-2019,NO
ANJ-2493,Aaron Smayling,42,State Club,United States,Jacksonville,North Carolina,NO,NO,Gold,04-05-2019,NO
SDW-9345,Steven Cartwright,28,City Club,United States,Wilmington,Delaware,NO,YES,Basic,05-05-2019,NO
SMR-8354,Sean Christensen,30,City Club,United States,Rochester Hills,Michigan,YES,NO,Basic,06-05-2019,YES
JOD-7885,Joni Blumstein,25,City Club,United States,Dublin,Ohio,NO,NO,Basic,06-05-2019,YES
DCS-7123,Deborah Brumfield,24,University team,United States,San Diego,California,NO,YES,Gold,08-05-2019,NO
LKM-6837,Liz Preis,58,City Club,United States,Murray,Kentucky,NO,YES,Gold,08-05-2019,NO
CPP-5516,Corey-Lock,55,City Club,United States,Philadelphia,Pennsylvania,NO,YES,Silver,08-05-2019,YES
NWS-8892,Neil Knudson,61,University team,United States,Seattle,Washington,YES,NO,Silver,10-05-2019,NO
TCS-7956,Toby Carlisle,31,City Club,United States,San Diego,California,YES,YES,Silver,10-05-2019,NO
CWS-6984,Christina DeMoss,42,City Club,United States,Seattle,Washington,YES,YES,Gold,11-05-2019,NO
PMJ-1022,Paul MacIntyre,41,City Club,United States,Jackson,Michigan,NO,NO,Silver,11-05-2019,NO
SMD-2382,Sylvia Foulston,64,State Club,United States,Dearborn,Michigan,NO,YES,Silver,12-05-2019,YES
COC-7656,Christy Brittain,47,City Club,United States,Columbus,Ohio,NO,YES,Basic,13-05-2019,NO
LDD-3813,Lycoris Saunders,42,City Club,United States,Dover,Delaware,YES,NO,Basic,13-05-2019,YES
KAS-7879,Ken Dana,41,State Club,United States,Scottsdale,Arizona,NO,NO,Gold,14-05-2019,YES
DTH-4132,Dean Braden,41,City Club,United States,Houston,Texas,NO,NO,Silver,14-05-2019,NO
CME-9749,Carl Ludwig,63,City Club,United States,Everett,Massachusetts,YES,YES,Silver,15-05-2019,NO
PIC-7425,Paul Stevenson,31,University team,United States,Chicago,Illinois,NO,NO,Silver,15-05-2019,YES
KGR-6746,Khloe Miller,57,City Club,United States,Roswell,Georgia,NO,YES,Basic,16-05-2019,NO
MCS-7668,Matt Hagelstein,22,State Club,United States,San Francisco,California,NO,NO,Gold,16-05-2019,YES
JNT-1647,Jeremy Ellison,30,City Club,United States,Troy,New York,YES,YES,Gold,18-05-2019,YES
JPP-4544,Jessica Myrick,36,City Club,United States,Philadelphia,Pennsylvania,YES,NO,Basic,20-05-2019,NO
TWS-7020,Tamara Chand,29,State Club,United States,Seattle,Washington,NO,YES,Basic,20-05-2019,NO
BNR-3660,Barry Weirich,30,City Club,United States,Raleigh,North Carolina,YES,NO,Silver,20-05-2019,NO
RTM-3806,Rose O'Brian,25,City Club,United States,Memphis,Tennessee,YES,YES,Gold,21-05-2019,YES
DTM-8603,Don Jones,67,State Club,United States,Murfreesboro,Tennessee,YES,YES,Silver,22-05-2019,NO
ATC-1742,Art Ferguson,63,City Club,United States,College Station,Texas,NO,YES,Basic,22-05-2019,NO
EAD-2935,Evan Henry,31,City Club,United States,Decatur,Alabama,NO,NO,Silver,25-05-2019,NO
JPP-8083,Jack O'Briant,68,State Club,United States,Philadelphia,Pennsylvania,YES,NO,Gold,25-05-2019,YES
CGA-9187,Christopher Martinez,19,City Club,United States,Atlanta,Georgia,NO,YES,Gold,26-05-2019,NO
RTD-7683,Rob Williams,23,State Club,United States,Dallas,Texas,NO,NO,Gold,27-05-2019,YES
ENC-4137,Erin Ashbrook,61,State Club,United States,Charlotte,North Carolina,NO,NO,Basic,27-05-2019,NO
NVW-6535,Naresj Patel,70,City Club,United States,Waynesboro,Virginia,YES,NO,Gold,28-05-2019,NO
KNF-3581,Ken Black,67,State Club,United States,Fremont,Nebraska,NO,YES,Basic,29-05-2019,NO
TOO-4461,Tony Molinari,63,City Club,United States,Oklahoma City,Oklahoma,NO,NO,Gold,29-05-2019,YES
DTP-4642,Dorris liebe,68,State Club,United States,Pasadena,Texas,NO,YES,Basic,30-05-2019,YES
PTM-7349,Patrick Jones,19,State Club,United States,Murfreesboro,Tennessee,NO,YES,Basic,31-05-2019,NO
TNH-1268,Thomas Seio,21,State Club,United States,Hackensack,New Jersey,YES,YES,Basic,01-06-2019,NO
STG-1416,Sarah Jordon,50,City Club,United States,Grand Prairie,Texas,NO,YES,Gold,02-06-2019,YES
MNN-9132,Mark Packer,61,University team,United States,New York City,New York,YES,YES,Basic,03-06-2019,NO
TPP-3323,Tracy Blumstein,48,City Club,United States,Philadelphia,Pennsylvania,NO,YES,Gold,03-06-2019,NO
DMF-6201,Daniel Raglin,65,University team,United States,Franklin,Massachusetts,YES,NO,Gold,04-06-2019,YES
SNN-8203,Sanjit Engle,28,City Club,United States,New York City,New York,YES,NO,Silver,04-06-2019,NO
MNB-3860,Maureen Gnade,33,City Club,United States,Buffalo,New York,YES,NO,Silver,04-06-2019,NO
MTG-8106,Muhammed Yedwab,25,State Club,United States,Grapevine,Texas,YES,NO,Silver,07-06-2019,YES
RNG-4579,Ross Baird,60,University team,United States,Gastonia,North Carolina,NO,NO,Gold,09-06-2019,NO
SMJ-1578,Scott Williamson,35,City Club,United States,Jackson,Mississippi,YES,NO,Basic,09-06-2019,NO
MWS-9297,Michelle Huthwaite,40,City Club,United States,Seattle,Washington,NO,YES,Basic,09-06-2019,NO
KCL-4618,Kean Takahito,24,City Club,United States,Los Angeles,California,NO,YES,Silver,11-06-2019,YES
NTD-9898,Nick Crebassa,59,State Club,United States,Dallas,Texas,NO,NO,Silver,13-06-2019,NO
MCR-3394,Mary Zewe,52,State Club,United States,Redlands,California,YES,NO,Silver,13-06-2019,YES
LFD-4921,Laurel Workman,64,State Club,United States,Deltona,Florida,NO,NO,Silver,13-06-2019,YES
MWS-6032,Max Jones,40,City Club,United States,Seattle,Washington,NO,YES,Gold,14-06-2019,YES
BRC-4686,Barry Pond,65,State Club,United States,Cranston,Rhode Island,NO,NO,Silver,14-06-2019,NO
SKL-6919,Shirley Schmidt,31,University team,United States,Louisville,Kentucky,YES,YES,Basic,17-06-2019,YES
PNN-9150,Parhena Norris,35,University team,United States,New York City,New York,YES,NO,Silver,17-06-2019,NO
BON-8789,Brian Thompson,70,City Club,United States,Newark,Ohio,NO,YES,Gold,17-06-2019,YES
JIA-6376,Julie Kriz,67,University team,United States,Aurora,Illinois,YES,YES,Gold,18-06-2019,NO
LCL-8290,Lori Olson,29,State Club,United States,La Quinta,California,NO,YES,Gold,18-06-2019,YES
BIS-2160,Bill Stewart,53,State Club,United States,Skokie,Illinois,YES,NO,Gold,19-06-2019,YES
LPP-9786,Linda Southworth,21,State Club,United States,Philadelphia,Pennsylvania,NO,NO,Gold,21-06-2019,NO
AFT-5291,Alan Shonely,68,City Club,United States,Tampa,Florida,NO,YES,Gold,22-06-2019,YES
RNN-4445,Roy Franzosisch,57,City Club,United States,New York City,New York,YES,NO,Basic,22-06-2019,YES
VPP-6035,Valerie Takahito,44,University team,United States,Philadelphia,Pennsylvania,YES,NO,Basic,22-06-2019,NO
PMW-6663,Patrick O'Donnell,64,City Club,United States,Westland,Michigan,YES,NO,Basic,22-06-2019,YES
HNN-2222,Helen Abelman,58,City Club,United States,New York City,New York,YES,YES,Gold,23-06-2019,NO
JWD-7986,Jack Garza,63,City Club,United States,Des Moines,Washington,YES,NO,Basic,23-06-2019,NO
BOC-4113,Bryan Mills,31,City Club,United States,Columbus,Ohio,NO,YES,Gold,24-06-2019,NO
SNN-9851,Steven Ward,57,State Club,United States,New York City,New York,NO,YES,Gold,24-06-2019,YES
CNT-5299,Cindy Stewart,41,City Club,United States,Thomasville,North Carolina,YES,YES,Basic,25-06-2019,YES
ANL-7320,Aimee Bixby,65,City Club,United States,Long Beach,New York,YES,NO,Gold,25-06-2019,NO
DNN-3893,Delfina Latchford,48,City Club,United States,New York City,New York,NO,YES,Basic,27-06-2019,NO
JRP-5938,Jason Gross,61,State Club,United States,Providence,Rhode Island,NO,NO,Basic,03-07-2019,NO
CNF-4488,Christopher Conant,38,City Club,United States,Fayetteville,North Carolina,NO,NO,Basic,04-07-2019,NO
AKL-6692,Art Foster,40,City Club,United States,Louisville,Kentucky,NO,NO,Basic,04-07-2019,YES
AVC-3515,Adam Shillingsburg,46,City Club,United States,Charlottesville,Virginia,NO,NO,Silver,04-07-2019,YES
LCM-4863,Liz Carlisle,60,City Club,United States,Mission Viejo,California,YES,NO,Silver,05-07-2019,YES
MOA-5554,Maria Bertelson,43,City Club,United States,Akron,Ohio,NO,NO,Gold,06-07-2019,NO
SGC-9012,Steve Carroll,31,University team,United States,Columbus,Georgia,YES,YES,Gold,06-07-2019,YES
ROC-8070,Ryan Crowe,34,City Club,United States,Columbus,Ohio,YES,NO,Basic,06-07-2019,NO
RRP-4851,Rick Huthwaite,67,University team,United States,Providence,Rhode Island,YES,YES,Gold,08-07-2019,NO
CTC-8091,Cindy Schnelling,32,State Club,United States,Conroe,Texas,NO,NO,Silver,10-07-2019,YES
HPP-5333,Harry Marie,64,State Club,United States,Philadelphia,Pennsylvania,NO,YES,Basic,11-07-2019,NO
CAH-9734,Carol Adams,19,State Club,United States,Hoover,Alabama,YES,YES,Basic,12-07-2019,NO
JNB-2194,Jim Mitchum,28,State Club,United States,Bridgeton,New Jersey,NO,YES,Gold,13-07-2019,YES
LCS-4150,Logan Haushalter,43,City Club,United States,San Francisco,California,YES,NO,Basic,13-07-2019,YES
VCS-3309,Victoria Pisteka,35,State Club,United States,San Francisco,California,NO,YES,Basic,14-07-2019,NO
JOS-9894,Justin Ritter,68,State Club,United States,Springfield,Ohio,YES,NO,Basic,14-07-2019,YES
DPP-4105,Dean Katz,36,State Club,United States,Philadelphia,Pennsylvania,NO,NO,Gold,15-07-2019,NO
RNN-6773,Robert Barroso,40,State Club,United States,North Las Vegas,Nevada,NO,NO,Silver,16-07-2019,NO
AFP-8127,Arthur Prichep,61,City Club,United States,Palm Coast,Florida,YES,NO,Basic,17-07-2019,NO
RCL-1907,Ruben Ausman,51,State Club,United States,Los Angeles,California,YES,NO,Gold,17-07-2019,NO
FWS-1544,Fred Harton,45,City Club,United States,Seattle,Washington,NO,YES,Silver,19-07-2019,NO
DCL-2902,Darrin Van Huff,31,State Club,United States,Los Angeles,California,YES,NO,Basic,22-07-2019,YES
DOC-6242,Dorothy Wardle,62,State Club,United States,Columbus,Ohio,NO,YES,Basic,23-07-2019,YES
JTC-1573,James Lanier,25,University team,United States,Columbia,Tennessee,YES,YES,Basic,23-07-2019,NO
SRW-2137,Saphhira Shifley,33,State Club,United States,Warwick,Rhode Island,NO,YES,Basic,24-07-2019,YES
NIC-1732,Noel Staavos,37,State Club,United States,Chicago,Illinois,NO,YES,Gold,28-07-2019,YES
ANN-8156,Anna Haberlin,39,State Club,United States,New York City,New York,YES,NO,Silver,29-07-2019,NO
HWS-9164,Harold Ryan,69,State Club,United States,Seattle,Washington,NO,YES,Gold,29-07-2019,YES
JWS-4814,Jim Karlsson,34,City Club,United States,Seattle,Washington,YES,YES,Silver,31-07-2019,NO
RNA-5358,Raymond Buch,70,City Club,United States,Auburn,New York,NO,YES,Gold,02-08-2019,YES
MNN-7165,Maxwell Schwartz,47,City Club,United States,New York City,New York,NO,NO,Gold,02-08-2019,YES
SIA-1993,Sung Chung,69,City Club,United States,Arlington Heights,Illinois,NO,NO,Basic,02-08-2019,YES
KCS-9339,Keith Herrera,27,City Club,United States,San Francisco,California,YES,YES,Gold,02-08-2019,YES
RIB-8007,Roy Skaria,39,University team,United States,Burlington,Iowa,NO,YES,Basic,03-08-2019,NO
CNL-3933,Corey Roper,46,University team,United States,Lakewood,New Jersey,YES,YES,Silver,04-08-2019,NO
GCH-9472,Grace Kelly,32,State Club,United States,Hesperia,California,NO,YES,Silver,05-08-2019,NO
PKR-5716,Pauline Webber,47,State Club,United States,Richmond,Kentucky,YES,NO,Basic,06-08-2019,NO
GML-7008,George Zrebassa,56,State Club,United States,Lawrence,Massachusetts,NO,YES,Silver,07-08-2019,NO
PTH-2110,Pete Takahito,48,City Club,United States,Houston,Texas,YES,NO,Gold,08-08-2019,YES
TDW-7010,Toby Braunhardt,24,City Club,United States,Washington,District of Columbia,YES,NO,Gold,11-08-2019,NO
CKH-5835,Claire Gute,67,City Club,United States,Henderson,Kentucky,NO,YES,Basic,11-08-2019,NO
JNN-7737,Jennifer Ferguson,40,City Club,United States,New York City,New York,YES,NO,Silver,11-08-2019,NO
ZCS-2884,Zuschuss Donatelli,66,City Club,United States,San Francisco,California,NO,YES,Silver,12-08-2019,NO
ICS-8345,Ivan Liston,53,City Club,United States,San Francisco,California,YES,NO,Gold,13-08-2019,YES
SNN-5162,Sarah Bern,62,City Club,United States,New York City,New York,NO,NO,Basic,13-08-2019,NO
BCI-9584,Barry Blumstein,41,State Club,United States,Inglewood,California,YES,YES,Silver,19-08-2019,YES
LIH-9688,Laurel Beltran,18,University team,United States,Highland Park,Illinois,YES,NO,Silver,19-08-2019,YES
NNN-6000,Nicole Fjeld,42,University team,United States,New York City,New York,NO,NO,Silver,20-08-2019,YES
RMS-7881,Richard Bierner,18,City Club,United States,Saint Louis,Missouri,NO,NO,Gold,22-08-2019,NO
AVS-4439,Anthony Jacobs,47,State Club,United States,Springfield,Virginia,NO,NO,Gold,23-08-2019,NO
SCP-5604,Stewart Visinsky,34,City Club,United States,Pueblo,Colorado,NO,YES,Gold,23-08-2019,NO
DCL-2847,Doug O'Connell,20,City Club,United States,Los Angeles,California,NO,YES,Gold,23-08-2019,NO
CIE-6639,Clay Rozendal,52,University team,United States,Elmhurst,Illinois,YES,YES,Gold,23-08-2019,YES
DCL-2356,Doug Bickford,19,City Club,United States,Los Angeles,California,YES,NO,Silver,23-08-2019,YES
CPP-5360,Catherine Glotzbach,27,University team,United States,Philadelphia,Pennsylvania,NO,NO,Basic,24-08-2019,NO
MIQ-6310,Muhammed MacIntyre,59,State Club,United States,Quincy,Illinois,NO,YES,Gold,25-08-2019,NO
SCF-7685,Sally Knutson,44,City Club,United States,Fairfield,Connecticut,YES,NO,Silver,29-08-2019,NO
ANW-1919,Ashley Jarboe,62,City Club,United States,Wilmington,North Carolina,NO,YES,Basic,30-08-2019,NO
MTL-6162,Melanie Seite,61,City Club,United States,Laredo,Texas,NO,YES,Silver,30-08-2019,NO
CLB-3804,Chris Selesnick,59,State Club,United States,Bossier City,Louisiana,YES,NO,Gold,30-08-2019,YES
NNN-4047,Nathan Mautz,21,University team,United States,New York City,New York,NO,NO,Gold,03-09-2019,NO
SMD-6027,Sean Wendt,51,University team,United States,Detroit,Michigan,NO,NO,Basic,03-09-2019,YES
KCA-1827,Katrina Bavinger,34,University team,United States,Apple Valley,California,YES,NO,Gold,04-09-2019,YES
SCS-3220,Scot Wooten,20,City Club,United States,Stockton,California,NO,NO,Silver,06-09-2019,YES
SCS-2099,Sally Hughsby,60,State Club,United States,San Francisco,California,NO,YES,Gold,06-09-2019,NO
TCS-7171,Tamara Manning,31,City Club,United States,San Francisco,California,NO,NO,Gold,07-09-2019,YES
CWS-7878,Cari Sayre,24,State Club,United States,Seattle,Washington,YES,NO,Silver,07-09-2019,NO
HCS-7759,Hilary Holden,58,State Club,United States,San Francisco,California,NO,NO,Gold,07-09-2019,NO
HCL-7294,Henry Goldwyn,32,State Club,United States,Los Angeles,California,NO,NO,Gold,07-09-2019,YES
BPP-7953,Bruce Geld,39,City Club,United States,Philadelphia,Pennsylvania,YES,YES,Basic,08-09-2019,NO
DKH-6895,Darren Koutras,58,City Club,United States,Henderson,Kentucky,NO,YES,Basic,08-09-2019,YES
CCL-5009,Carlos Daly,51,City Club,United States,Lake Elsinore,California,YES,YES,Silver,09-09-2019,YES
BFB-7101,Ben Wallace,31,City Club,United States,Boynton Beach,Florida,NO,NO,Gold,10-09-2019,NO
APP-4013,Arianne Irving,35,City Club,United States,Philadelphia,Pennsylvania,YES,NO,Silver,15-09-2019,YES
ATA-2984,Anthony Witt,37,City Club,United States,Allen,Texas,NO,NO,Silver,15-09-2019,NO
JCL-9679,Jennifer Jackson,47,City Club,United States,Los Angeles,California,YES,NO,Silver,15-09-2019,NO
NCA-8033,Noah Childs,48,State Club,United States,Aurora,Colorado,NO,YES,Silver,16-09-2019,NO
BNC-5358,Barbara Fisher,47,State Club,United States,Charlotte,North Carolina,YES,YES,Basic,17-09-2019,YES
JWS-8005,John Stevenson,60,City Club,United States,Seattle,Washington,NO,YES,Gold,18-09-2019,NO
PCS-3995,Paul Van Hugh,64,University team,United States,San Francisco,California,NO,NO,Basic,19-09-2019,YES
ENN-4094,Erin Creighton,52,City Club,United States,New York City,New York,YES,YES,Silver,19-09-2019,YES
LDD-4958,Lena Hernandez,66,City Club,United States,Dover,Delaware,NO,YES,Silver,22-09-2019,YES
FPP-6456,Fred Hopkins,49,State Club,United States,Philadelphia,Pennsylvania,NO,YES,Gold,23-09-2019,YES
MNA-1272,Michelle Lonsdale,22,State Club,United States,Albuquerque,New Mexico,NO,YES,Basic,24-09-2019,YES
CCL-1470,Charles Crestani,21,City Club,United States,Los Angeles,California,NO,NO,Basic,24-09-2019,NO
CCL-4298,Chad Sievert,51,City Club,United States,Los Angeles,California,NO,NO,Silver,25-09-2019,YES
JIC-4988,Joy Daniels,23,City Club,United States,Chicago,Illinois,NO,NO,Silver,27-09-2019,YES
SNN-9996,Susan Vittorini,53,City Club,United States,New York City,New York,NO,YES,Silver,28-09-2019,YES
CIC-6702,Chad Cunningham,30,University team,United States,Columbus,Indiana,YES,NO,Basic,29-09-2019,YES
MCS-9528,Michelle Ellison,34,State Club,United States,San Francisco,California,NO,NO,Gold,30-09-2019,NO
ANN-1717,Amy Hunt,24,City Club,United States,New York City,New York,YES,YES,Silver,01-10-2019,YES
ECL-4700,Eleni McCrary,59,State Club,United States,Los Angeles,California,YES,YES,Basic,02-10-2019,YES
MGC-5387,Maria Etezadi,48,University team,United States,Columbus,Georgia,NO,NO,Silver,02-10-2019,NO
AAM-4380,Allen Armold,22,City Club,United States,Mesa,Arizona,YES,YES,Basic,02-10-2019,YES
ENW-5764,Evan Bailliet,64,City Club,United States,Wilmington,North Carolina,NO,YES,Basic,02-10-2019,YES
VNL-3975,Victor Preis,35,University team,United States,Las Vegas,Nevada,YES,YES,Basic,03-10-2019,NO
BCA-2849,Ben Peterman,48,State Club,United States,Arvada,Colorado,NO,NO,Basic,04-10-2019,YES
SVS-8270,Shaun Weien,21,City Club,United States,Suffolk,Virginia,YES,YES,Gold,04-10-2019,NO
BCD-2952,Bruce Stewart,59,City Club,United States,Denver,Colorado,YES,NO,Gold,05-10-2019,NO
BNN-4192,Berenike Kampe,37,City Club,United States,New York City,New York,YES,NO,Silver,11-10-2019,NO
NOE-9078,Nora Paige,64,City Club,United States,Edmond,Oklahoma,NO,NO,Basic,11-10-2019,NO
VGC-2535,Victoria Brennan,27,State Club,United States,Columbus,Georgia,NO,YES,Basic,12-10-2019,YES
LCS-4742,Lisa DeCherney,65,City Club,United States,San Francisco,California,YES,NO,Silver,12-10-2019,NO
LCR-9192,Lena Creighton,31,City Club,United States,Roseville,California,YES,NO,Gold,13-10-2019,NO
KMM-5888,Karl Braun,70,City Club,United States,Minneapolis,Minnesota,YES,YES,Basic,13-10-2019,YES
MCL-3469,Mike Pelletier,34,University team,United States,Laguna Niguel,California,NO,NO,Basic,14-10-2019,YES
KVS-2544,Katherine Murray,70,University team,United States,Salem,Virginia,NO,YES,Silver,15-10-2019,YES
DNN-6263,Dennis Bolton,41,University team,United States,New York City,New York,YES,YES,Gold,17-10-2019,YES
MTD-4082,Michael Oakman,35,General customer,United States,Dallas,Texas,YES,NO,Basic,20-10-2019,YES
TAS-6209,Tamara Willingham,61,University team,United States,Scottsdale,Arizona,NO,NO,Basic,22-10-2019,NO
ROP-3623,Roger Barcio,63,University team,United States,Portland,Oregon,NO,NO,Basic,24-10-2019,NO
BWS-3003,Benjamin Patterson,19,City Club,United States,Spokane,Washington,YES,NO,Basic,24-10-2019,NO
SFJ-2966,Sara Luxemburg,55,University team,United States,Jacksonville,Florida,NO,YES,Basic,25-10-2019,YES
STD-7877,Sung Shariari,18,City Club,United States,Dallas,Texas,NO,NO,Basic,25-10-2019,YES
NNJ-1314,Nathan Cano,29,City Club,United States,Jacksonville,North Carolina,YES,NO,Silver,26-10-2019,YES
DTH-5256,Dorothy Dickinson,32,City Club,United States,Houston,Texas,YES,NO,Basic,26-10-2019,YES
ENW-6578,Edward Hooks,44,State Club,United States,Watertown,New York,NO,NO,Silver,27-10-2019,YES
ANN-3166,Andy Reiter,48,City Club,United States,New York City,New York,YES,YES,Gold,29-10-2019,NO
DTH-3291,Dianna Arnett,38,University team,United States,Houston,Texas,NO,NO,Silver,31-10-2019,YES
KNN-1455,Katrina Willman,48,City Club,United States,New York City,New York,NO,NO,Gold,01-11-2019,NO
BGC-9939,Becky Pak,46,City Club,United States,Columbus,Georgia,YES,NO,Gold,01-11-2019,YES
CTH-7225,Craig Molinari,53,State Club,United States,Huntsville,Texas,NO,NO,Silver,04-11-2019,NO
SAD-5189,Stewart Carmichael,18,State Club,United States,Decatur,Alabama,YES,YES,Silver,08-11-2019,YES
DWS-8295,Dave Kipp,24,City Club,United States,Seattle,Washington,YES,NO,Basic,08-11-2019,YES
GNB-8357,Grant Thornton,19,State Club,United States,Burlington,North Carolina,YES,YES,Gold,09-11-2019,NO
ANN-3988,Alan Schoenberger,31,State Club,United States,New York City,New York,YES,YES,Silver,11-11-2019,YES
RIC-5562,Rick Bensley,18,University team,United States,Chicago,Illinois,YES,YES,Silver,13-11-2019,YES
PCS-6835,Pauline Johnson,48,City Club,United States,Santa Ana,California,NO,NO,Silver,13-11-2019,YES
MTH-4563,Matt Abelman,19,University team,United States,Houston,Texas,NO,NO,Basic,14-11-2019,YES
MFJ-3019,Mike Kennedy,22,City Club,United States,Jacksonville,Florida,YES,NO,Basic,14-11-2019,NO
BNN-2074,Bill Shonely,34,State Club,United States,New York City,New York,NO,NO,Basic,14-11-2019,YES
JCL-5190,Jasper Cacioppo,39,City Club,United States,Los Angeles,California,YES,NO,Silver,15-11-2019,YES
KTC-8982,Kelly Williams,50,City Club,United States,Clarksville,Tennessee,NO,YES,Silver,15-11-2019,YES
RPP-2236,Ralph Kennedy,29,City Club,United States,Philadelphia,Pennsylvania,NO,YES,Silver,15-11-2019,YES
JNO-9330,Juliana Krohn,51,City Club,United States,Omaha,Nebraska,YES,NO,Basic,16-11-2019,NO
HCL-8704,Hallie Redmond,67,University team,United States,Los Angeles,California,NO,YES,Basic,17-11-2019,NO
BTH-2919,Brenda Bowman,60,State Club,United States,Houston,Texas,NO,YES,Basic,17-11-2019,NO
SCC-8418,Sanjit Chand,27,City Club,United States,Concord,California,NO,YES,Basic,17-11-2019,NO
AFS-3077,Andy Gerbode,69,State Club,United States,Saint Petersburg,Florida,NO,NO,Silver,22-11-2019,NO
CCF-5238,Christina VanderZanden,58,City Club,United States,Fresno,California,NO,NO,Silver,22-11-2019,YES
JCL-4472,Justin MacKendrick,18,City Club,United States,Los Angeles,California,NO,NO,Gold,22-11-2019,YES
CIC-6857,Carlos Soltero,18,City Club,United States,Chicago,Illinois,NO,NO,Basic,24-11-2019,NO
HOC-8516,Henia Zydlo,32,City Club,United States,Columbus,Ohio,NO,YES,Gold,24-11-2019,YES
GCL-3515,Greg Maxwell,49,State Club,United States,Los Angeles,California,NO,YES,Basic,25-11-2019,NO
MOC-9366,Matt Collins,25,City Club,United States,Cincinnati,Ohio,YES,YES,Basic,28-11-2019,NO
ROK-6797,Ricardo Emerson,35,City Club,United States,Kent,Ohio,YES,YES,Gold,29-11-2019,YES
PIC-1049,Philisse Overcash,46,University team,United States,Chicago,Illinois,YES,YES,Basic,30-11-2019,YES
JGC-2432,Julia Barnett,65,University team,United States,Columbus,Georgia,YES,NO,Silver,01-12-2019,NO
MNW-1323,Michelle Arnett,33,University team,United States,Watertown,New York,NO,YES,Gold,01-12-2019,YES
SWS-4378,Shahid Collister,68,City Club,United States,Seattle,Washington,YES,YES,Basic,02-12-2019,NO
CNN-8249,Craig Carreira,22,City Club,United States,New York City,New York,YES,NO,Silver,02-12-2019,YES
CTP-3537,Candace McMahon,28,State Club,United States,Pasadena,Texas,YES,NO,Basic,03-12-2019,NO
JCP-4047,Justin Hirsh,57,City Club,United States,Pueblo,Colorado,NO,NO,Silver,03-12-2019,YES
DFJ-1159,Dorothy Badders,58,State Club,United States,Jacksonville,Florida,YES,NO,Gold,04-12-2019,YES
JTC-9764,John Dryer,26,City Club,United States,Coppell,Texas,YES,YES,Gold,04-12-2019,NO
BMJ-5750,Bill Eplett,20,University team,United States,Jackson,Michigan,YES,NO,Basic,06-12-2019,YES
MNN-7029,Mary O'Rourke,25,City Club,United States,New York City,New York,NO,YES,Basic,06-12-2019,NO
MNN-9212,Mark Haberlin,47,State Club,United States,New York City,New York,YES,NO,Gold,06-12-2019,YES
KWS-1971,Kimberly Carter,31,State Club,United States,Seattle,Washington,YES,YES,Basic,07-12-2019,YES
PIE-5355,Peter Buhler,32,City Club,United States,Evanston,Illinois,NO,NO,Silver,08-12-2019,NO
JTB-5569,Joy Bell-,46,City Club,United States,Brownsville,Texas,NO,NO,Silver,08-12-2019,YES
LCL-6926,Liz Thompson,51,City Club,United States,Lancaster,California,YES,YES,Basic,08-12-2019,NO
AAT-9590,Adrian Hane,27,University team,United States,Tucson,Arizona,YES,NO,Gold,08-12-2019,YES
ENN-1283,Erin Mull,48,City Club,United States,New York City,New York,YES,YES,Silver,09-12-2019,YES
BCL-4008,Bobby Trafton,20,City Club,United States,Littleton,Colorado,NO,NO,Silver,09-12-2019,YES
MCS-2402,MaryBeth Skach,45,City Club,United States,San Diego,California,NO,YES,Silver,09-12-2019,YES
DFP-9505,Denny Ordway,25,City Club,United States,Pembroke Pines,Florida,NO,YES,Basic,10-12-2019,NO
SNG-3985,Suzanne McNair,54,State Club,United States,Greenville,North Carolina,NO,NO,Silver,11-12-2019,YES
NIR-5409,Neil Franzosisch,55,University team,United States,Rockford,Illinois,YES,NO,Gold,14-12-2019,NO
NOC-6223,Nick Zandusky,23,University team,United States,Columbus,Ohio,YES,YES,Silver,15-12-2019,NO
CNR-7431,Cathy Hwang,36,University team,United States,Raleigh,North Carolina,NO,YES,Silver,15-12-2019,NO
LFM-3904,Luke Foster,36,City Club,United States,Miami,Florida,NO,NO,Silver,17-12-2019,YES
ICR-4047,Ionia McGrath,40,City Club,United States,Roseville,California,YES,NO,Silver,19-12-2019,NO
AGC-8868,Anemone Ratner,36,City Club,United States,Columbus,Georgia,NO,NO,Basic,19-12-2019,NO
HNN-9890,Henry MacAllister,35,City Club,United States,New York City,New York,YES,NO,Basic,20-12-2019,YES
PNC-1356,Penelope Sewall,23,University team,United States,Charlotte,North Carolina,YES,NO,Basic,22-12-2019,YES
JCL-1497,Jamie Frazer,26,City Club,United States,Los Angeles,California,YES,NO,Silver,23-12-2019,NO
APP-5121,Andrew Roberts,58,City Club,United States,Philadelphia,Pennsylvania,YES,YES,Gold,24-12-2019,YES
HIC-7564,Harold Engle,31,State Club,United States,Chicago,Illinois,YES,YES,Gold,24-12-2019,NO
RAM-8393,Rob Lucas,53,City Club,United States,Montgomery,Alabama,YES,YES,Silver,25-12-2019,YES
CNC-7137,Claudia Bergmann,63,State Club,United States,Chapel Hill,North Carolina,NO,YES,Gold,25-12-2019,NO
CNJ-4128,Cari Schnelling,69,City Club,United States,Jacksonville,North Carolina,NO,YES,Silver,26-12-2019,YES
MTD-9402,Michael Stewart,67,State Club,United States,Dallas,Texas,YES,YES,Silver,27-12-2019,NO
BTS-8373,Becky Martin,67,City Club,United States,San Antonio,Texas,NO,YES,Basic,27-12-2019,YES
TCL-8311,Toby Gnade,68,City Club,United States,Los Angeles,California,NO,YES,Basic,27-12-2019,YES
STP-9105,Sam Craven,56,City Club,United States,Plano,Texas,NO,YES,Silver,28-12-2019,YES
FTM-9199,Fred Chung,64,State Club,United States,Mesquite,Texas,YES,YES,Silver,29-12-2019,NO
MCP-5003,Maribeth Yedwab,70,State Club,United States,Parker,Colorado,NO,NO,Basic,30-12-2019,YES
TCA-7066,Tracy Poddar,25,State Club,United States,Aurora,Colorado,YES,NO,Silver,30-12-2019,NO
DCS-5806,Dionis Lloyd,52,State Club,United States,San Francisco,California,YES,NO,Basic,01-01-2020,NO
SDD-5604,Seth Vernon,22,City Club,United States,Dover,Delaware,NO,NO,Basic,02-01-2020,NO
MVS-4353,Max Ludwig,22,University team,United States,Suffolk,Virginia,YES,NO,Silver,02-01-2020,NO
LCL-2037,Lindsay Shagiari,66,University team,United States,Los Angeles,California,NO,NO,Gold,04-01-2020,YES
CNN-9297,Cynthia Voltz,55,State Club,United States,New York City,New York,NO,NO,Gold,05-01-2020,YES
DWS-2780,Don Weiss,60,City Club,United States,Seattle,Washington,NO,NO,Basic,06-01-2020,NO
BKR-7739,Bobby Odegard,63,City Club,United States,Richmond,Kentucky,NO,NO,Basic,06-01-2020,YES
MLM-5585,Mike Caudle,59,State Club,United States,Monroe,Louisiana,YES,YES,Silver,08-01-2020,YES
MTD-6245,Michael Nguyen,41,City Club,United States,Dallas,Texas,NO,YES,Basic,09-01-2020,YES
MPP-6524,Mathew Reese,37,University team,United States,Philadelphia,Pennsylvania,NO,YES,Gold,10-01-2020,NO
BAG-6187,Brendan Sweed,45,State Club,United States,Gilbert,Arizona,NO,YES,Gold,11-01-2020,YES
KTH-7988,Ken Brennan,29,State Club,United States,Houston,Texas,NO,YES,Basic,11-01-2020,YES
ANN-4696,Adrian Shami,65,University team,United States,New York City,New York,YES,NO,Basic,12-01-2020,NO
AAA-8769,Anne McFarland,28,City Club,United States,Auburn,Alabama,NO,NO,Basic,14-01-2020,YES
DOM-1082,Dennis Kane,56,City Club,United States,Marion,Ohio,NO,YES,Basic,15-01-2020,YES
ACL-3625,Alyssa Tate,19,University team,United States,Los Angeles,California,NO,NO,Basic,16-01-2020,NO
BAT-4943,Beth Fritzler,21,State Club,United States,Tucson,Arizona,YES,NO,Silver,17-01-2020,NO
KUL-6410,Karen Seio,53,State Club,United States,Lehi,Utah,NO,NO,Basic,17-01-2020,YES
LOC-5924,Lisa Hazard,60,City Club,United States,Columbus,Ohio,YES,YES,Gold,19-01-2020,YES
AML-4980,Alex Russell,38,State Club,United States,Lawrence,Massachusetts,NO,YES,Basic,19-01-2020,YES
ACL-1604,Aleksandra Gannaway,68,State Club,United States,Los Angeles,California,YES,NO,Gold,19-01-2020,YES
BAP-5546,Becky Castell,35,University team,United States,Peoria,Arizona,YES,NO,Silver,20-01-2020,YES
NNN-3065,Nat Gilpin,57,State Club,United States,New York City,New York,NO,NO,Silver,21-01-2020,NO
SPP-2049,Sandra Flanagan,41,City Club,United States,Philadelphia,Pennsylvania,NO,YES,Basic,23-01-2020,YES
BCS-5647,Bill Donatelli,68,City Club,United States,San Francisco,California,NO,YES,Silver,23-01-2020,NO
JNN-9204,Jeremy Lonsdale,48,City Club,United States,New York City,New York,YES,YES,Basic,24-01-2020,NO
ATP-6559,Ann Steele,54,University team,United States,Pasadena,Texas,NO,NO,Gold,24-01-2020,NO
NCL-6799,Nancy Lomonaco,69,University team,United States,Los Angeles,California,NO,YES,Silver,27-01-2020,YES
ECL-5860,Eudokia Martin,56,State Club,United States,Los Angeles,California,YES,NO,Gold,27-01-2020,YES
EMC-6983,Ed Ludwig,42,University team,United States,Columbia,Maryland,NO,YES,Basic,27-01-2020,YES
CCL-9717,Corinna Mitchell,33,University team,United States,Los Angeles,California,YES,YES,Basic,29-01-2020,NO
SCS-2729,Stephanie Phelps,18,State Club,United States,San Jose,California,NO,NO,Gold,29-01-2020,YES
BMB-2924,Bart Folk,23,City Club,United States,Baltimore,Maryland,YES,NO,Silver,29-01-2020,YES
ACO-3000,Andy Yotov,61,State Club,United States,Oceanside,California,NO,NO,Gold,30-01-2020,NO
LOS-5811,Liz MacKendrick,32,City Club,United States,Springfield,Ohio,NO,YES,Gold,30-01-2020,YES
KCS-4629,Kristen Hastings,36,State Club,United States,San Francisco,California,NO,YES,Gold,01-02-2020,YES
QMS-4194,Quincy Jones,48,State Club,United States,Saint Paul,Minnesota,YES,NO,Basic,01-02-2020,YES
GMR-3835,Gary Zandusky,64,City Club,United States,Rochester,Minnesota,YES,NO,Gold,03-02-2020,NO
TNL-4875,Theresa Coyne,63,State Club,United States,Lakewood,New Jersey,YES,YES,Gold,03-02-2020,YES
EMG-4788,Eva Jacobs,22,City Club,United States,Gulfport,Mississippi,YES,NO,Silver,04-02-2020,YES
BML-9091,Brian Dahlen,40,City Club,United States,Lawrence,Massachusetts,YES,YES,Basic,04-02-2020,YES
TIC-5780,Troy Blackwell,50,City Club,United States,Columbus,Indiana,NO,YES,Gold,08-02-2020,YES
JCO-7745,Joni Wasserman,45,City Club,United States,Oakland,California,YES,YES,Gold,08-02-2020,NO
TCL-9482,Thea Hendricks,21,City Club,United States,Los Angeles,California,YES,NO,Gold,08-02-2020,YES
JNO-9729,Jennifer Patt,69,State Club,United States,Oceanside,New York,YES,NO,Gold,09-02-2020,NO
GTH-6671,Greg Tran,67,City Club,United States,Houston,Texas,NO,YES,Gold,09-02-2020,YES
MAS-1690,Meg Tillman,58,City Club,United States,Scottsdale,Arizona,NO,YES,Gold,11-02-2020,NO
TVA-6923,Tracy Collins,57,University team,United States,Arlington,Virginia,NO,YES,Basic,11-02-2020,NO
MLL-1966,Marc Crier,24,City Club,United States,Lafayette,Louisiana,YES,YES,Silver,11-02-2020,YES
DTH-5528,Don Miller,18,State Club,United States,Houston,Texas,YES,NO,Basic,11-02-2020,NO
ACL-5402,Alan Barnes,22,City Club,United States,Los Angeles,California,YES,NO,Basic,13-02-2020,YES
FAH-5798,Fred Wasserman,41,State Club,United States,Huntsville,Alabama,NO,YES,Basic,14-02-2020,YES
AAT-8252,Arthur Gainer,56,City Club,United States,Tucson,Arizona,YES,YES,Silver,14-02-2020,YES
DML-5190,Dianna Wilson,25,University team,United States,Lakeville,Minnesota,NO,YES,Gold,15-02-2020,YES
DPP-8209,Deirdre Greer,60,State Club,United States,Philadelphia,Pennsylvania,NO,NO,Gold,18-02-2020,YES
EUO-6447,Emily Burns,34,City Club,United States,Orem,Utah,YES,YES,Gold,19-02-2020,NO
SVA-9020,Shahid Hopkins,66,City Club,United States,Arlington,Virginia,NO,YES,Silver,20-02-2020,NO
LIC-1091,Lela Donovan,52,State Club,United States,Chicago,Illinois,YES,YES,Basic,21-02-2020,YES
JOK-5524,John Huston,37,City Club,United States,Kent,Ohio,NO,NO,Basic,22-02-2020,NO
CIC-2520,Christina Anderson,49,City Club,United States,Chicago,Illinois,NO,YES,Basic,23-02-2020,NO
POT-8365,Phillip Breyer,32,General customer,United States,Tulsa,Oklahoma,NO,YES,Silver,23-02-2020,NO
ANN-7445,Adam Bellavance,25,University team,United States,New York City,New York,YES,NO,Basic,24-02-2020,YES
NGM-7947,Neil Ducich,33,State Club,United States,Macon,Georgia,YES,NO,Silver,24-02-2020,NO
RIC-8482,Rob Beeghly,57,City Club,United States,Columbus,Indiana,NO,YES,Basic,24-02-2020,NO
ATH-9346,Alan Dominguez,52,University team,United States,Houston,Texas,YES,YES,Basic,25-02-2020,NO
HTF-6383,Heather Kirkland,27,State Club,United States,Franklin,Tennessee,NO,YES,Silver,26-02-2020,NO
YNB-5368,Yana Sorensen,31,State Club,United States,Burlington,North Carolina,YES,NO,Silver,29-02-2020,YES
CIC-2412,Chuck Clark,66,University team,United States,Columbus,Indiana,NO,NO,Gold,03-03-2020,NO
RNM-1883,Roland Schwarz,45,State Club,United States,Mount Vernon,New York,NO,YES,Gold,04-03-2020,NO
JCB-5229,Joe Elijah,44,City Club,United States,Broomfield,Colorado,NO,NO,Basic,05-03-2020,YES
MMD-8808,Matt Connell,49,State Club,United States,Detroit,Michigan,NO,NO,Basic,05-03-2020,YES
KIC-4081,Ken Lonsdale,43,City Club,United States,Chicago,Illinois,NO,YES,Silver,06-03-2020,YES
DFT-8824,Daniel Byrd,38,University team,United States,Tampa,Florida,NO,YES,Silver,06-03-2020,NO
MTE-7614,Mick Crebagga,65,City Club,United States,El Paso,Texas,NO,NO,Basic,07-03-2020,YES
CGR-2213,Christine Sundaresam,63,City Club,United States,Roswell,Georgia,NO,NO,Silver,07-03-2020,NO
JNN-4775,Janet Molinari,23,State Club,United States,New York City,New York,NO,YES,Gold,08-03-2020,NO
MON-3340,Maureen Gastineau,26,University team,United States,Newark,Ohio,NO,NO,Basic,08-03-2020,NO
LCW-5172,Laurel Elliston,62,City Club,United States,Whittier,California,YES,YES,Basic,08-03-2020,NO
LVA-8583,Lindsay Castell,57,University team,United States,Arlington,Virginia,YES,YES,Silver,08-03-2020,NO
FCS-1045,Frank Gastineau,67,University team,United States,San Francisco,California,YES,NO,Gold,09-03-2020,YES
TCL-7111,Tom Stivers,22,State Club,United States,Los Angeles,California,NO,NO,Silver,10-03-2020,NO
COC-8855,Christine Abelman,68,State Club,United States,Cincinnati,Ohio,YES,YES,Basic,10-03-2020,NO
LMG-7082,Lynn Smith,59,City Club,United States,Gladstone,Missouri,NO,NO,Basic,10-03-2020,NO
DOS-3001,Deanra Eno,42,University team,United States,Springfield,Ohio,YES,YES,Silver,11-03-2020,NO
CUO-1093,Christine Kargatis,53,University team,United States,Orem,Utah,YES,NO,Basic,11-03-2020,NO
MNJ-8140,Mark Hamilton,49,City Club,United States,Jacksonville,North Carolina,NO,YES,Gold,12-03-2020,NO
KCM-2620,Karen Ferguson,65,University team,United States,Manteca,California,NO,NO,Silver,15-03-2020,NO
MWS-8676,Michelle Moray,19,City Club,United States,Seattle,Washington,NO,YES,Gold,16-03-2020,YES
MML-1717,Michael Paige,18,State Club,United States,Lawrence,Massachusetts,NO,YES,Silver,16-03-2020,YES
WPP-4399,William Brown,38,City Club,United States,Philadelphia,Pennsylvania,NO,YES,Basic,16-03-2020,NO
JTA-3086,Jay Fein,70,City Club,United States,Austin,Texas,NO,YES,Gold,17-03-2020,NO
NCR-5539,Neoma Murray,45,City Club,United States,Riverside,California,NO,YES,Silver,17-03-2020,YES
PCS-9703,Pamela Coakley,25,State Club,United States,San Francisco,California,NO,YES,Gold,17-03-2020,NO
JCS-7027,Jamie Kunitz,48,City Club,United States,San Francisco,California,NO,NO,Silver,18-03-2020,NO
AWV-9452,Anthony Rawles,39,State Club,United States,Vancouver,Washington,YES,NO,Gold,18-03-2020,NO
AOC-1212,Allen Goldenen,47,City Club,United States,Cincinnati,Ohio,YES,NO,Gold,18-03-2020,NO
BWG-3988,Bradley Drucker,47,City Club,United States,Green Bay,Wisconsin,NO,NO,Basic,20-03-2020,YES
ECS-5997,Ed Jacobs,44,City Club,United States,San Diego,California,NO,NO,Silver,22-03-2020,YES
DCS-2657,David Bremer,60,State Club,United States,Santa Clara,California,NO,NO,Silver,22-03-2020,YES
KCL-2016,Kunst Miller,69,City Club,United States,Los Angeles,California,YES,NO,Basic,23-03-2020,YES
MCS-9064,Michael Moore,41,City Club,United States,San Francisco,California,NO,NO,Gold,24-03-2020,YES
RWS-5590,Ricardo Sperren,44,State Club,United States,Seattle,Washington,NO,YES,Basic,24-03-2020,NO
NCF-8657,Nora Preis,32,City Club,United States,Fresno,California,NO,NO,Basic,28-03-2020,YES
DTH-2836,David Wiener,55,State Club,United States,Houston,Texas,NO,NO,Basic,29-03-2020,NO
JNJ-5871,John Murray,66,City Club,United States,Jamestown,New York,YES,YES,Basic,29-03-2020,NO
HFJ-4022,Heather Jas,32,General customer,United States,Jacksonville,Florida,YES,NO,Gold,30-03-2020,NO
APP-3212,Aaron Hawkins,60,State Club,United States,Philadelphia,Pennsylvania,NO,NO,Basic,31-03-2020,YES
CCS-5209,Clay Cheatham,42,General customer,United States,San Francisco,California,NO,NO,Basic,01-04-2020,NO
ENO-4014,Emily Grady,60,City Club,United States,Oceanside,New York,NO,YES,Gold,01-04-2020,NO
ACS-1754,Alex Grayson,51,City Club,United States,Stockton,California,YES,YES,Basic,04-04-2020,YES
KVS-7286,Karen Daniels,59,City Club,United States,Springfield,Virginia,YES,NO,Silver,04-04-2020,NO
SNC-1858,Sarah Brown,31,City Club,United States,Concord,New Hampshire,YES,NO,Gold,05-04-2020,YES
DWK-7330,Dana Kaydos,47,City Club,United States,Kenosha,Wisconsin,YES,NO,Silver,05-04-2020,YES
RIC-6510,Roy Collins,54,City Club,United States,Chicago,Illinois,NO,NO,Gold,06-04-2020,YES
MCF-1316,Maris LaWare,30,City Club,United States,Fairfield,Connecticut,NO,NO,Silver,11-04-2020,NO
JCL-5084,Jim Sink,33,State Club,United States,Los Angeles,California,YES,YES,Basic,13-04-2020,NO
TTH-1918,Toby Swindell,67,City Club,United States,Houston,Texas,YES,NO,Basic,15-04-2020,YES
JCS-5542,Jeremy Pistek,54,City Club,United States,San Francisco,California,NO,YES,Gold,16-04-2020,NO
GTH-5497,Gary Mitchum,64,University team,United States,Houston,Texas,NO,YES,Gold,18-04-2020,YES
JWK-5733,Jenna Caffey,35,City Club,United States,Kent,Washington,NO,YES,Basic,19-04-2020,NO
DCS-4598,Damala Kotsonis,57,State Club,United States,Salinas,California,NO,YES,Basic,20-04-2020,NO
PMD-8367,Peter McVee,65,University team,United States,Detroit,Michigan,YES,NO,Silver,20-04-2020,YES
CMR-2099,Carol Triggs,57,City Club,United States,Rochester,Minnesota,NO,NO,Basic,20-04-2020,YES
GTR-2668,Gene Hale,28,State Club,United States,Richardson,Texas,NO,NO,Silver,23-04-2020,YES
AMM-4090,Alex Avila,66,City Club,United States,Minneapolis,Minnesota,YES,NO,Silver,23-04-2020,YES
CIU-2386,Clay Ludtke,36,City Club,United States,Urbandale,Iowa,NO,NO,Basic,23-04-2020,NO
STH-4982,Steve Nguyen,46,University team,United States,Houston,Texas,NO,NO,Silver,25-04-2020,YES
GPP-2616,Giulietta Dortch,62,General customer,United States,Philadelphia,Pennsylvania,NO,YES,Basic,26-04-2020,NO
SNN-8223,Sally Matthias,51,City Club,United States,New York City,New York,YES,YES,Basic,26-04-2020,YES
LCS-6635,Liz Pelletier,22,City Club,United States,San Francisco,California,NO,NO,Gold,26-04-2020,YES
RCM-5560,Ryan Akin,39,City Club,United States,Murrieta,California,YES,NO,Silver,27-04-2020,NO
DCS-4605,Dave Poirier,66,State Club,United States,Salinas,California,YES,YES,Basic,28-04-2020,NO
ANN-3885,Ann Chong,61,State Club,United States,New York City,New York,NO,YES,Silver,28-04-2020,YES
CTH-7664,Carl Weiss,31,University team,United States,Huntsville,Texas,NO,NO,Silver,29-04-2020,YES
ANN-1987,Anne Pryor,18,University team,United States,New York City,New York,NO,YES,Gold,29-04-2020,NO
APC-5927,Anna Andreadi,32,City Club,United States,Chester,Pennsylvania,NO,YES,Basic,29-04-2020,NO
MOT-5228,Maureen Fritzler,37,State Club,United States,Toledo,Ohio,YES,YES,Gold,30-04-2020,NO
SIM-4871,Sonia Cooley,58,City Club,United States,Mishawaka,Indiana,NO,NO,Gold,01-05-2020,YES
RFD-2781,Roger Demir,30,City Club,United States,Daytona Beach,Florida,YES,YES,Silver,04-05-2020,NO
PAG-8124,Peter Fuller,48,City Club,United States,Gilbert,Arizona,NO,NO,Basic,04-05-2020,NO
GTB-5229,Greg Guthrie,51,State Club,United States,Bristol,Tennessee,YES,NO,Silver,06-05-2020,YES
JND-7922,Julie Creighton,56,State Club,United States,Durham,North Carolina,YES,NO,Silver,06-05-2020,NO
NKL-5600,Natalie DeCherney,41,City Club,United States,Louisville,Kentucky,NO,YES,Gold,06-05-2020,NO
CNN-8601,Christine Phan,38,State Club,United States,New York City,New York,YES,YES,Silver,06-05-2020,YES
TWS-6938,Tom Boeckenhauer,37,City Club,United States,Seattle,Washington,NO,NO,Silver,06-05-2020,NO
BCF-7499,Brendan Dodson,54,University team,United States,Fresno,California,YES,YES,Silver,07-05-2020,YES
SIC-2200,Sue Ann Reed,34,City Club,United States,Chicago,Illinois,NO,NO,Silver,08-05-2020,YES
JCL-8165,Jill Stevenson,65,State Club,United States,Los Angeles,California,YES,YES,Gold,09-05-2020,YES
LCP-8039,Luke Weiss,60,City Club,United States,Pasadena,California,NO,YES,Silver,10-05-2020,YES
JTH-8971,Joy Smith,51,City Club,United States,Houston,Texas,YES,YES,Gold,13-05-2020,NO
TCL-8241,Trudy Glocke,41,City Club,United States,Long Beach,California,YES,YES,Gold,14-05-2020,YES
KPP-9387,Katherine Hughes,69,City Club,United States,Philadelphia,Pennsylvania,YES,YES,Basic,14-05-2020,YES
CTC-2632,Chris McAfee,35,City Club,United States,Carrollton,Texas,NO,NO,Basic,15-05-2020,NO
RML-6412,Rick Reed,51,State Club,United States,Lowell,Massachusetts,YES,YES,Basic,15-05-2020,YES
VTC-9663,Valerie Dominguez,69,City Club,United States,Columbia,Tennessee,NO,YES,Gold,17-05-2020,YES
MCL-1935,Marc Harrigan,39,University team,United States,Los Angeles,California,NO,YES,Basic,18-05-2020,YES
DNN-8135,David Philippe,50,City Club,United States,New York City,New York,NO,YES,Gold,22-05-2020,NO
JIP-7990,Joni Sundaresam,26,University team,United States,Park Ridge,Illinois,YES,NO,Basic,22-05-2020,YES
KCS-9195,Karen Carlisle,23,State Club,United States,San Francisco,California,YES,NO,Silver,23-05-2020,YES
DUM-1614,Dean percer,64,University team,United States,Murray,Utah,YES,NO,Silver,23-05-2020,NO
ATH-2496,Anna Chung,30,General customer,United States,Huntsville,Texas,NO,YES,Silver,23-05-2020,YES
KKB-3805,Katharine Harms,66,State Club,United States,Bowling Green,Kentucky,NO,YES,Gold,24-05-2020,NO
LTD-4028,Logan Currie,22,City Club,United States,Dallas,Texas,NO,NO,Silver,24-05-2020,NO
VNW-6034,Valerie Mitchum,69,University team,United States,Westfield,New Jersey,NO,YES,Silver,25-05-2020,YES
EMS-4526,Elpida Rittenbach,56,State Club,United States,Saint Paul,Minnesota,YES,YES,Gold,27-05-2020,NO
JWV-7557,Jane Waco,24,State Club,United States,Vancouver,Washington,NO,YES,Basic,27-05-2020,NO
GOL-5329,Guy Armstrong,32,City Club,United States,Lorain,Ohio,NO,YES,Basic,28-05-2020,YES
KTB-5885,Katrina Edelman,53,State Club,United States,Bristol,Tennessee,NO,YES,Silver,29-05-2020,YES
EIC-1982,Emily Phan,38,City Club,United States,Chicago,Illinois,NO,NO,Silver,30-05-2020,YES
CTT-4589,Carol Darley,61,City Club,United States,Tyler,Texas,YES,NO,Silver,30-05-2020,YES
PIO-9062,Pete Armstrong,31,University team,United States,Orland Park,Illinois,NO,NO,Gold,01-06-2020,NO
BCL-4726,Ben Ferrer,19,University team,United States,Los Angeles,California,YES,NO,Silver,04-06-2020,YES
PCL-3665,Pamela Stobb,36,City Club,United States,Los Angeles,California,YES,NO,Basic,04-06-2020,NO
MNN-7690,Michael Grace,67,University team,United States,New York City,New York,NO,NO,Basic,06-06-2020,YES
PCO-6972,Patrick Ryan,44,City Club,United States,Oakland,California,NO,NO,Silver,07-06-2020,YES
MVA-7512,Mark Van Huff,54,City Club,United States,Arlington,Virginia,YES,NO,Basic,07-06-2020,NO
RAM-3712,Rick Wilson,52,State Club,United States,Mesa,Arizona,NO,YES,Basic,08-06-2020,NO
COC-3401,Craig Reiter,25,City Club,United States,Columbus,Ohio,NO,NO,Silver,08-06-2020,YES
CNN-6217,Cindy Chapman,48,City Club,United States,New York City,New York,NO,YES,Basic,09-06-2020,YES
CPP-5879,Carl Jackson,64,State Club,United States,Philadelphia,Pennsylvania,YES,YES,Gold,09-06-2020,YES
JNC-4599,Janet Martin,62,City Club,United States,Charlotte,North Carolina,YES,YES,Silver,10-06-2020,YES
KTS-3922,Ken Heidel,34,State Club,United States,San Antonio,Texas,NO,YES,Gold,11-06-2020,YES
COG-2702,Clytie Kelty,60,City Club,United States,Grove City,Ohio,NO,YES,Basic,12-06-2020,NO
DCV-1090,David Flashing,45,City Club,United States,Vallejo,California,NO,YES,Basic,12-06-2020,YES
SNN-7939,Sanjit Jacobs,38,University team,United States,New Brunswick,New Jersey,NO,YES,Basic,12-06-2020,NO
MMJ-5999,Michael Chen,50,City Club,United States,Jackson,Mississippi,NO,YES,Gold,12-06-2020,YES
DMC-2156,Debra Catini,48,City Club,United States,Cottage Grove,Minnesota,YES,NO,Silver,12-06-2020,YES
TTH-9787,Thomas Thornton,47,City Club,United States,Houston,Texas,YES,YES,Basic,15-06-2020,YES
ACB-7054,Alan Hwang,58,City Club,United States,Brentwood,California,NO,NO,Gold,16-06-2020,YES
MNV-4762,Mick Brown,54,City Club,United States,Vineland,New Jersey,YES,NO,Silver,22-06-2020,YES
BID-6490,Benjamin Venier,46,State Club,United States,Des Moines,Iowa,NO,YES,Silver,23-06-2020,YES
APP-3803,Andrew Gjertsen,24,State Club,United States,Philadelphia,Pennsylvania,YES,YES,Silver,24-06-2020,NO
LPP-9095,Lisa Ryan,62,State Club,United States,Philadelphia,Pennsylvania,NO,NO,Gold,29-06-2020,YES
DNN-1331,Doug Jacobs,41,City Club,United States,New York City,New York,YES,YES,Gold,29-06-2020,NO
CNN-6749,Chad McGuire,50,City Club,United States,New York City,New York,YES,NO,Basic,30-06-2020,YES
NOT-5565,Natalie Webber,29,City Club,United States,Tigard,Oregon,NO,NO,Gold,30-06-2020,YES
JTM-8068,Joel Eaton,25,City Club,United States,Memphis,Tennessee,NO,YES,Silver,30-06-2020,NO
DML-7277,Dario Medina,26,State Club,United States,Lincoln Park,Michigan,NO,NO,Gold,01-07-2020,YES
SON-2237,Susan MacKendrick,46,General customer,United States,Newark,Ohio,YES,NO,Gold,01-07-2020,YES
PIN-8506,Phillina Ober,45,University team,United States,Naperville,Illinois,NO,NO,Basic,02-07-2020,NO
TOT-7994,Theresa Swint,27,State Club,United States,Toledo,Ohio,YES,NO,Gold,03-07-2020,YES
PGS-5039,Paul Prost,44,University team,United States,Smyrna,Georgia,NO,YES,Silver,04-07-2020,YES
JTD-1726,Jason Klamczynski,69,State Club,United States,Dallas,Texas,YES,YES,Silver,05-07-2020,YES
JPP-6945,Jonathan Doherty,57,State Club,United States,Philadelphia,Pennsylvania,YES,NO,Silver,06-07-2020,NO
DCE-9192,Darrin Martin,53,City Club,United States,Encinitas,California,NO,YES,Gold,06-07-2020,NO
MAM-9963,Maurice Satty,46,City Club,United States,Mesa,Arizona,NO,NO,Basic,06-07-2020,NO
MMD-7588,Maribeth Schnelling,55,City Club,United States,Detroit,Michigan,NO,NO,Silver,06-07-2020,YES
BCS-2528,Brian DeCherney,46,City Club,United States,San Francisco,California,YES,NO,Basic,06-07-2020,YES
DNO-1299,Duane Benoit,21,City Club,United States,Oceanside,New York,YES,NO,Gold,07-07-2020,YES
KCC-1429,Kelly Lampkin,60,State Club,United States,Colorado Springs,Colorado,NO,YES,Silver,07-07-2020,NO
SPP-5482,Stefania Perrino,32,State Club,United States,Philadelphia,Pennsylvania,NO,NO,Gold,08-07-2020,YES
GTR-3973,Greg Hansen,67,City Club,United States,Round Rock,Texas,YES,YES,Gold,09-07-2020,NO
ECS-8225,Eric Barreto,63,City Club,United States,San Francisco,California,YES,YES,Silver,11-07-2020,NO
EGR-8755,Erica Hackney,22,City Club,United States,Roswell,Georgia,NO,YES,Basic,11-07-2020,NO
MWS-7151,Muhammed Lee,51,City Club,United States,Seattle,Washington,YES,YES,Gold,11-07-2020,YES
MPC-8481,Mick Hernandez,25,University team,United States,Chester,Pennsylvania,NO,YES,Silver,12-07-2020,YES
CCO-2719,Craig Yedwab,36,State Club,United States,Oakland,California,YES,NO,Basic,14-07-2020,YES
JIC-3797,Janet Lee,29,City Club,United States,Chicago,Illinois,NO,NO,Silver,14-07-2020,YES
FCL-1660,Frank Preis,20,City Club,United States,Los Angeles,California,NO,NO,Gold,14-07-2020,YES
DMD-1532,David Smith,41,State Club,United States,Detroit,Michigan,NO,NO,Gold,14-07-2020,NO
PCL-7314,Pauline Chand,49,University team,United States,Los Angeles,California,NO,YES,Basic,16-07-2020,NO
BCL-1983,Brosina Hoffman,20,City Club,United States,Los Angeles,California,NO,NO,Basic,16-07-2020,YES
MPP-6071,Matthew Grinstein,53,University team,United States,Philadelphia,Pennsylvania,NO,YES,Basic,16-07-2020,YES
RNC-7644,Ruben Dartt,26,City Club,United States,Carlsbad,New Mexico,YES,NO,Basic,17-07-2020,NO
HPP-4461,Harold Dahlen,32,University team,United States,Philadelphia,Pennsylvania,NO,YES,Silver,22-07-2020,YES
SNN-6341,Sheri Gordon,44,City Club,United States,New York City,New York,YES,YES,Gold,22-07-2020,YES
DIC-5580,Dan Reichenbach,68,State Club,United States,Chicago,Illinois,YES,YES,Gold,24-07-2020,NO
EAG-8488,Eugene Moren,49,University team,United States,Glendale,Arizona,YES,NO,Basic,25-07-2020,YES
VIC-3962,Vicky Freymann,59,University team,United States,Columbus,Indiana,YES,YES,Silver,25-07-2020,YES
SNN-8235,Steven Roelle,19,University team,United States,New York City,New York,YES,NO,Silver,26-07-2020,NO
SCN-8487,Sample Company A,38,University team,United States,Norwich,Connecticut,NO,YES,Silver,26-07-2020,YES
GRP-8601,Gene McClure,41,City Club,United States,Providence,Rhode Island,YES,NO,Gold,26-07-2020,NO
JCL-4100,James Galang,37,City Club,United States,Los Angeles,California,YES,NO,Basic,27-07-2020,YES
RNN-4548,Roland Murray,66,City Club,United States,New York City,New York,NO,YES,Silver,27-07-2020,NO
TPP-6866,Thea Hudgings,38,State Club,United States,Philadelphia,Pennsylvania,YES,YES,Silver,27-07-2020,YES
MVV-6042,Mitch Willingham,30,State Club,United States,Virginia Beach,Virginia,NO,NO,Gold,29-07-2020,YES
TNN-5423,Tom Ashbrook,19,University team,United States,New York City,New York,YES,NO,Gold,29-07-2020,YES
KCL-5780,Katherine Nockton,43,State Club,United States,Los Angeles,California,NO,YES,Gold,03-08-2020,NO
DCL-1322,Darren Budd,42,State Club,United States,Los Angeles,California,NO,YES,Silver,03-08-2020,YES
MMS-7180,Matthew Clasen,49,State Club,United States,Saint Louis,Missouri,YES,YES,Gold,03-08-2020,NO
MCL-4282,Michelle Tran,69,University team,United States,Los Angeles,California,YES,NO,Basic,06-08-2020,NO
BOL-3313,Bobby Elias,54,City Club,United States,Lancaster,Ohio,YES,YES,Silver,06-08-2020,NO
ECS-6885,Emily Ducich,28,University team,United States,San Diego,California,NO,NO,Basic,06-08-2020,NO
PCS-3606,Patrick Gardner,38,City Club,United States,San Francisco,California,YES,YES,Basic,06-08-2020,YES
PIC-9868,Paul Lucas,20,University team,United States,Chicago,Illinois,YES,NO,Basic,07-08-2020,NO
JCL-2389,Jonathan Howell,40,City Club,United States,Los Angeles,California,YES,YES,Basic,08-08-2020,YES
MFJ-4891,Mitch Gastineau,55,State Club,United States,Jacksonville,Florida,NO,YES,Basic,11-08-2020,NO
RMT-1603,Roland Fjeld,38,City Club,United States,Trenton,Michigan,NO,NO,Gold,12-08-2020,YES
TNB-8221,Toby Ritter,45,City Club,United States,Belleville,New Jersey,YES,YES,Basic,12-08-2020,YES
GAG-4575,Gary Hansen,42,University team,United States,Glendale,Arizona,NO,NO,Basic,13-08-2020,YES
DIL-5120,Denny Blanton,41,City Club,United States,La Porte,Indiana,NO,YES,Gold,14-08-2020,NO
BPP-9348,Brian Stugart,21,City Club,United States,Philadelphia,Pennsylvania,NO,NO,Silver,16-08-2020,YES
GTH-1883,Guy Thornton,53,City Club,United States,Harlingen,Texas,NO,NO,Basic,16-08-2020,YES
COH-3082,Cassandra Brandow,43,City Club,United States,Hamilton,Ohio,NO,NO,Silver,17-08-2020,YES
DCS-3028,Duane Noonan,42,City Club,United States,San Francisco,California,NO,NO,Basic,17-08-2020,NO
JCL-9876,Jas O'Carroll,39,City Club,United States,Los Angeles,California,NO,NO,Silver,18-08-2020,NO
BCL-7649,Bradley Nguyen,63,City Club,United States,Los Angeles,California,NO,NO,Basic,18-08-2020,YES
TGC-8893,Tony Chapman,64,University team,United States,Columbus,Georgia,YES,NO,Silver,20-08-2020,NO
OME-7301,Odella Nelson,27,State Club,United States,Eagan,Minnesota,YES,YES,Silver,22-08-2020,YES
SNM-4111,Sean Miller,62,University team,United States,Monroe,North Carolina,YES,NO,Gold,23-08-2020,NO
AAP-8646,Adrian Barton,63,City Club,United States,Phoenix,Arizona,NO,NO,Silver,23-08-2020,YES
AWS-7419,Annie Thurman,30,City Club,United States,Seattle,Washington,YES,YES,Silver,23-08-2020,YES
TNN-9604,Todd Sumrall,62,State Club,United States,New York City,New York,YES,NO,Silver,24-08-2020,YES
BNN-8474,Brian Moss,48,State Club,United States,New York City,New York,NO,NO,Gold,25-08-2020,NO
FOL-2621,Frank Carlisle,20,University team,United States,Lakewood,Ohio,NO,NO,Basic,25-08-2020,NO
TCL-6528,Tracy Zic,65,City Club,United States,Louisville,Colorado,NO,YES,Gold,26-08-2020,NO
DIP-9736,Dennis Pardue,44,University team,United States,Peoria,Illinois,YES,YES,Gold,26-08-2020,NO
ACS-9434,Alejandro Savely,53,State Club,United States,San Francisco,California,YES,YES,Basic,26-08-2020,YES
ANR-9552,Astrea Jones,30,City Club,United States,Rochester,New York,NO,NO,Basic,26-08-2020,NO
MAM-3117,Mark Cousins,50,State Club,United States,Mobile,Alabama,YES,NO,Basic,27-08-2020,YES
CPP-7351,Charlotte Melton,66,General customer,United States,Philadelphia,Pennsylvania,NO,YES,Basic,28-08-2020,YES
JPP-4588,Julia West,25,City Club,United States,Philadelphia,Pennsylvania,NO,NO,Silver,28-08-2020,YES
MNN-7235,Meg O'Connel,22,University team,United States,New York City,New York,YES,YES,Silver,28-08-2020,NO
JCS-4669,Julia Dunbar,70,City Club,United States,San Francisco,California,NO,YES,Silver,31-08-2020,YES
