product_id,Product_name,category,sub_category,color,brand_name,average_rating,reviews_count
NMW-0041,Nike Air Max 90 Print,Shoes,Men/Shoes,White,Nike,0,0
NMW-0042,Nike Air Max 1 Print,Shoes,Men/Shoes,White,Nike,0,0
NMC-0069,Nike Team (NFL Buffalo Bills),Clothing,Men/Clothing,Charcoal Heather/Red,Nike,4,456
NMF-0050,Nike College Dri-FIT (Michigan State),Clothing,Men/Clothing,Flat Silver,Nike,3.6,61
NMG-0016,Nike Air Max 90 Essential,Shoes,Men/Shoes,Green,Nike,4,9
NMW-0030,Nike College Max 90 (Gonzaga),Clothing,Men/Clothing,White,Nike,2.9,5
NWB-0090,Nike Tanjun,Shoes,Women/Shoes,Blue,Nike,4,40
AWW-0634,Adilette Lite Slides,Shoes,Women/Shoes,White,adidas,4.7,454
NMM-0019,Nike Air Max 90/1,Shoes,Men/Shoes,Multicolor,Nike,0,0
NMB-0034,Nike College (Tennessee),Clothing,Men/Clothing,Bright Ceramic/White,Nike,5,122
NWB-0127,Nike x Olivia Kim Air Mowabb,Shoes,Women/Shoes,Black,Nike,0,0
NMW-0072,Nike Pro,Clothing,Men/Clothing,White/Black,Nike,4,48
NMR-0022,Nike Dri-FIT Infograph (NFL Buffalo Bills),Clothing,Men/Clothing,Royal,Nike,3.8,61
NMS-0064,Nike College Dri-FIT (UCLA),Clothing,Men/Clothing,Signal Blue,Nike,3.9,123
CMB-0906,Club Tennis 3-Stripes Tee,Clothing,Men/Clothing,Blue,adidas,4.8,39
NMB-0049,Nike Sportswear,Clothing,Men/Clothing,Black,Nike,4.6,16
NWG-0004,Nike Air Zoom Structure 22,Shoes,Women/Shoes,Green,Nike,4.3,433
NKW-0712,NMD_R1 Refined Shoes,Shoes,Kids/Shoes,White,PUMA,4.5,50
NMB-0060,Nike Air VaporMax 2019,Shoes,Men/Shoes,Blue,Nike,3.5,11
NMG-0055,Nike Zoom Fly Flyknit,Shoes,Men/Shoes,Grey,Nike,4.2,42
NMB-0047,Nike Dri-FIT Athletic Arch Jersey (NFL Pittsburgh Steelers),Clothing,Men/Clothing,Black/Gold,Nike,4,51
NMP-0086,Nike React Ianga,Shoes,Men/Shoes,Purple,Nike,4.3,9
NMW-0089,Nike Phantom Venom Club IC,Shoes,Men/Shoes,White,Nike,4.4,656
NMW-0549,NMD_R1 V2 Shoes,Shoes,Men/Shoes,White,PUMA,4.5,223
NMW-0645,Nizza Shoes,Shoes,Men/Shoes,White,adidas,4.6,1050
NWB-0002,Nike Legend React,Shoes,Women/Shoes,Burgundy,Nike,2.7,19
NOB-0180,Nylon ricket Backpack Kit Bag,Accessories,Originals/Accessories,Blue,PUMA,2.1,1350
NMB-0035,Nike Fury,Clothing,Men/Clothing,Black/Smoke Grey,Nike,4.1,51
COY-0163,Captains Arm Band,Accessories,Originals/Accessories,Yellow,PUMA,3.9,939
NMP-0005,Nike Air Zoom Winflo 5,Shoes,Men/Shoes,Purple,Nike,3,198
NMM-0045,Nike Air Max 97 SE,Shoes,Men/Shoes,Multi,Nike,4.5,2
NMW-0028,Nike Air Max 270 Flyknit,Shoes,Men/Shoes,White,Nike,4.4,10
NWB-0010,Nike Air Max 2017,Shoes,Women/Shoes,Black,Nike,3.5,18
NMN-0014,Nike Dri-FIT Stretch (NFL Chicago Bears),Clothing,Men/Clothing,Navy/Orange,Nike,3,16
NMW-0031,Nike College (Oregon),Clothing,Men/Clothing,White,Nike,1.9,665
MWM-0229,Marble Wash Mini Hat,Accessories,Women/Accessories,Multicolor,adidas,5,2
NMW-0032,Nike EXP-X14 SE,Shoes,Men/Shoes,White,Nike,5,2
NMW-0048,Nike Metcon Sport,Shoes,Men/Shoes,White,Nike,3.6,14
NMW-0051,Nike Dri-FIT Vapor,Clothing,Men/Clothing,White/Black,Nike,3.8,611
NMB-0061,Nike Air Max Dia SE,Shoes,Men/Shoes,Blue,Nike,4.8,20
NMB-0059,Nike Air VaporMax 2019,Shoes,Men/Shoes,Brown,Nike,3.8,24
NMB-0027,Nike Phantom Venom Club IC,Shoes,Men/Shoes,Black,Nike,0,0
NKP-0698,NMD_R1 Spectoo Shoes,Shoes,Kids/Shoes,Purple,adidas,4.7,18
NWB-0131,Nike Dri-FIT Soccer Jersey Dress,Clothing,Women/Clothing,Black/Black,Nike,5,5
NMB-0062,NikeCourt Lite 2,Shoes,Men/Shoes,Black,Nike,0,0
NMP-0075,NFL Minnesota Vikings Nike Vapor Untouchable (Randy Moss),Clothing,Men/Clothing,Purple,Nike,4.1,51
NMP-0068,Nike React Sertu,Shoes,Men/Shoes,Pink,Nike,5,2
NMW-0043,NFL Los Angeles Rams Nike Vapor Untouchable (Matthew Stafford),Clothing,Men/Clothing,White,Nike,4.6,51
NWB-0138,Nike NBA Cropped T-Shirt,Clothing,Women/Clothing,Black,Nike,4.8,122
NMN-0078,Nike Rewind Playback Helmet (NFL Tennessee Titans),Clothing,Men/Clothing,Navy,Nike,2.2,11
NMW-0018,NFL Miami Dolphins (Mike Gesicki),Clothing,Men/Clothing,White,Nike,5,45
LKB-0569,Lite Racer Adapt 4.0 Shoes,Shoes,Kids/Shoes,Blue,adidas,4.5,191
NWM-0647,Nizza Platform Shoes,Shoes,Women/Shoes,Multi,adidas,4.7,1599
NWM-0112,Nike Dri-FIT Soccer Jersey,Clothing,Women/Clothing,Midnight Navy/White/Midnight Navy,Nike,1.1,65
NWM-0382,Nike Air Max 90 NS SE,Shoes,Women/Shoes,Multicolor,Nike,5,2
AWW-0531,Adilette Slides,Shoes,Women/Shoes,White,adidas,4.4,207
NMB-0088,Nike Phantom Venom Academy IC,Shoes,Men/Shoes,Black,Nike,4.6,500
NWM-0100,Nike React Element 55,Shoes,Women/Shoes,Multicolor,Nike,3.9,17
NMB-0080,Nike Dri-FIT Primetime Logo (MLB San Francisco Giants),Clothing,Men/Clothing,Black,Nike,4.6,11
NMB-0085,Nike Sportswear Swoosh,Clothing,Men/Clothing,Black/White,Nike,4.9,11
NMB-0074,Nike College Dri-FIT Coach (Duke),Clothing,Men/Clothing,Black/White/White,Nike,4.1,12
NWM-0718,Nizza Platform Shoes,Shoes,Women/Shoes,Multi,PUMA,4.7,1599
KWB-1002,Kaptir Super Shoes,Shoes,Women/Shoes,Black,adidas,4.2,319
NMN-0079,Nike City Connect Wordmark (MLB Kansas City Royals),Clothing,Men/Clothing,Navy,Nike,5,63
SKG-1006,Swift Run X Shoes,Shoes,Kids/Shoes,Grey,adidas,5,6
NMB-0067,Nike Therma City Connect (MLB Boston Red Sox),Clothing,Men/Clothing,Blue,Nike,5,451
NWG-0719,Nizza Platform Mid Shoes,Shoes,Women/Shoes,Green,PUMA,4.8,470
NWB-0053,Nike Zoom Pegasus Turbo XX,Shoes,Women/Shoes,Blue,Nike,1,1
NWG-0113,Nike Solarsoft,Shoes,Women/Shoes,Grey,Nike,3.8,5
JOW-0887,Jacquard Trefoil Crew Socks 2 Pairs,Accessories,Originals/Accessories,White,adidas,5,9
PMB-0205,Performance Mesh Boxer Briefs 3 Pairs,Clothing,Men/Clothing,Blue,adidas,4.7,18
NWB-0021,Nike Air Max 90,Shoes,Women/Shoes,Blue,Nike,3.6,5
CMG-0238,Cushioned X Mid-Crew Socks 3 Pairs,Accessories,Men/Accessories,Grey,SG,5,5
NMN-0082,Nike Dri-FIT Team (MLB Minnesota Twins),Clothing,Men/Clothing,Navy,Nike,4.4,959
NMB-0003,Nike Air Zoom Structure 22,Shoes,Men/Shoes,Black,Nike,3.6,10
DMW-0762,Daily 3.0 Shoes,Shoes,Men/Shoes,White,Nike,4.6,843
NWG-1010,Nike SB Bruin High,Shoes,Women/Shoes,Green,Nike,4.2,6
NWB-0087,Nike Blazer Low Suede,Shoes,Women/Shoes,Blue,Nike,0,0
NMG-0066,Nike Air Max Alpha Savage,Shoes,Men/Shoes,Grey,Nike,4.2,5
NMR-0044,Nike Sportswear,Clothing,Men/Clothing,Redstone,Nike,5,6
NMW-0081,Nike Overview (MLB Philadelphia Phillies),Clothing,Men/Clothing,White,Nike,4.4,151
NMW-0001,Nike Legend React,Shoes,Men/Shoes,White,Nike,4.2,9
CMG-0502,Classic 3-Stripes Swim Shorts,Clothing,Men/Clothing,Gold,adidas,4.7,201
PMB-0179,Puma Mens 19.1 Bowling Cricket Shoe,Shoes,Men/Shoes,Black,PUMA,5,1216
NWG-0006,Nike Flex RN 2018,Shoes,Women/Shoes,Green,Nike,3.2,15
NWB-0037,Nike Kawa Shower,Shoes,Women/Shoes,Burgundy,Nike,0,0
NMG-0057,Nike Air Zoom Pegasus 36 Trail,Shoes,Men/Shoes,Grey,Nike,4.6,12
NMW-0550,NMD_R1 V2 Shoes,Shoes,Men/Shoes,White,PUMA,4.5,223
NOG-0629,NMD_R1 Shoes,Shoes,Originals/Shoes,Grey,PUMA,4.6,3938
NWG-0009,Nike Classic Cortez,Shoes,Women/Shoes,Grey,Nike,4.5,34
NMB-0026,Nike PhantomVNM Club FG,Shoes,Men/Shoes,Blue,Nike,0,0
AWW-0914,Adicolor Classics Bra Top,Clothing,Women/Clothing,White,adidas,4.9,37
BOB-0854,Blue Version Luxe Backpack,Accessories,Originals/Accessories,Black,adidas,5,1
BOP-0146,Black & White Future 20.3 Unisex Cricket Pads,Accessories,Originals/Accessories,Pink,PUMA,3,619
FMW-0387,Finale 21 20th Anniversary UCL Mini Ball,Accessories,Men/Accessories,White,adidas,4.8,60
CWW-0646,Continental 80 Vegan Shoes,Shoes,Women/Shoes,White,adidas,4.6,21
CWW-0692,Choigo Shoes,Shoes,Women/Shoes,White,adidas,4.7,135
CWW-0693,Cloudfoam Pure 2.0  Shoes,Shoes,Women/Shoes,White,adidas,4.4,594
NMG-0040,Nike Air Max 95 Print,Shoes,Men/Shoes,Grey,Nike,0,0
NWB-0033,Nike Pre-Love O.X.,Shoes,Women/Shoes,Black,Nike,5,3
SOG-0103,Sun hat,Accessories,Originals/Accessories,Grey,SG,4.4,262
SOP-0101,Sun hat,Accessories,Originals/Accessories,Purple,SG,4.5,6
SOW-0330,Superstar Shoes,Shoes,Originals/Shoes,White,Nike,4.8,1866
NMM-0038,Nike Odyssey React,Shoes,Men/Shoes,Multicolor,Nike,4.4,27
7WS-0105,7/8 Leggings,Clothing,Women/Clothing,Scarlet/Black,Nike,4.2,1
RMM-0239,Relaxed Marble Wash Hat,Accessories,Men/Accessories,Multicolor,adidas,5,2
LWM-0222,Linear Superlite Super-No-Show Socks 6 Pairs,Accessories,Women/Accessories,Multicolor,adidas,4.8,6
POB-0147,PUMA Fundamentals Sports Bag,Accessories,Originals/Accessories,Blue,PUMA,3,1364
AWW-0536,Adilette Comfort Slides,Shoes,Women/Shoes,White,adidas,4.7,3812
HOB-0352,HULK STAN SMITH SHOES,Shoes,Originals/Shoes,Black,adidas,4.7,11750
TWP-0864,Trefoil Hoodie (Plus Size),Clothing,Women/Clothing,Pink,adidas,4.9,154
NMS-0013,Nike Dri-FIT Player,Clothing,Men/Clothing,Seafoam/Brushed Silver,Nike,3.9,0
NWB-0118,Nike Dri-FIT Soccer Jersey,Clothing,Women/Clothing,Blackened Blue/University Red,Nike,3,5
NMB-0023,Nike Phantom Venom Academy FG,Shoes,Men/Shoes,Burgundy,Nike,2.8,5
BWP-0811,Brand Love Slanted Logo Boyfriend Tee,Clothing,Women/Clothing,Purple,adidas,4.6,7
RMO-0755,Run Falcon 2.0 Shoes,Shoes,Men/Shoes,Orange,Nike,4.7,1518
RMR-0860,Runner Tee,Clothing,Men/Clothing,Red,adidas,4.8,222
NMS-0017,Nike Sportswear Club,Clothing,Men/Clothing,Sail/Pearl White,Nike,4.4,65
CWW-0987,Crew Sweatshirt,Clothing,Women/Clothing,White,adidas,5,1
TWW-0720,Terrex Two Ultra Parley AP Shoes,Shoes,Women/Shoes,White,adidas,4,3
TKB-0245,Techfit Tights,Clothing,Kids/Clothing,Blue,adidas,4.2,5
TKB-0274,Terrex Hyperhiker Hiking Shoes,Shoes,Kids/Shoes,Black,adidas,4.8,91
TKB-0425,Tiro 21 Windbreaker,Clothing,Kids/Clothing,Black,adidas,4.5,16
TKB-0493,Tiro Track Pants,Clothing,Kids/Clothing,Black,adidas,4.6,74
TKG-0275,Terrex Hyperhiker Low Hiking Shoes,Shoes,Kids/Shoes,Grey,adidas,4.9,171
TKP-0276,Terrex Hydroterra Shandal Water Shoes,Shoes,Kids/Shoes,Pink,adidas,4.6,14
NWM-0129,Nike Air Force 1 Shadow,Shoes,Women/Shoes,Multicolor,Nike,4.8,20
NMB-0077,Nike Therma Crucial Catch (NFL Atlanta Falcons),Clothing,Men/Clothing,Black,Nike,3.9,1
NMB-0024,Nike Phantom Venom Academy IC,Shoes,Men/Shoes,Black,Nike,0,0
TWR-0111,T-Shirt,Clothing,Women/Clothing,Royal,Nike,4.4,15
NMS-0054,Nike Therma Lockup (NFL Kansas City Chiefs),Clothing,Men/Clothing,Silver/Red,Nike,1,3
CWW-0773,Court Tourino Shoes,Shoes,Women/Shoes,White,adidas,4.6,16
NMG-0020,Nike Blazer Low,Shoes,Men/Shoes,Grey,Nike,0,0
TKB-0244,Techfit Tights,Clothing,Kids/Clothing,Black,adidas,4.2,5
CWW-0774,Continental 80 Vegan Shoes,Shoes,Women/Shoes,White,adidas,4.6,21
TWW-0120,Twist Mesh Headband,Clothing,Women/Clothing,White/Black,Nike,3.8,15
TWW-0232,Trefoil Superlite Super-No-Show Socks 6 Pairs,Accessories,Women/Accessories,White,adidas,4.8,154
NMW-0046,Nike Dri-FIT City Connect Striped (MLB San Francisco Giants),Clothing,Men/Clothing,White,Nike,3.5,54
AWW-0654,Adilette Lite Slides,Shoes,Women/Shoes,White,adidas,4.7,454
TWB-0130,T-Shirt,Clothing,Women/Clothing,Bleached Coral,Nike,2.9,95
WWM-0831,Waist Bag,Accessories,Women/Accessories,Multicolor,adidas,4.6,7
PWP-0174,Puma Girls Football Shoe,Shoes,Women/Shoes,Pink,PUMA,4.5,465
POP-0144,Puma evoSPEED  Duffel Bag ,Accessories,Originals/Accessories,Pink,PUMA,3.3,1086
POB-0995,Puma Evercat Duffel Bag ,Accessories,Originals/Accessories,Blue,PUMA,3.8,1167
PWB-0190,Puma Unisex-Adult Evospeed Sprint 10 (Unisex) Running Shoe,Shoes,Women/Shoes,Blue,PUMA,4.2,213
BWG-0376,Believe This Solid 7/8 Tights(Plus Size),Clothing,Women/Clothing,Grey,adidas,4.5,47
POW-0170,Puma Evercat Foundation Duffel Bag ,Accessories,Originals/Accessories,White,PUMA,4.2,847
CMB-0119,Cushioned Mid-Crew Socks 2 Pairs,Accessories,Men/Accessories,Black,adidas,4.8,21
CKB-0197,Cushioned Angle Stripe Low-Cut Socks 6 Pairs,Accessories,Kids/Accessories,Black,SG,4.9,41
PWB-0687,Puremotion Shoes,Shoes,Women/Shoes,Black,PUMA,4.5,808
UWG-0486,Utilitas Hooded Parka,Clothing,Women/Clothing,Green,adidas,5,4
POM-0997,PUMA Mercedes  Cap,Accessories,Originals/Accessories,Multi,PUMA,4.5,130
PWB-0947,Primegreen Essentials Warm-Up Slim 3-Stripes Track Jacket,Clothing,Women/Clothing,Blue,adidas,4.7,14
PWB-0484,Primeblue Designed 2 Move Woven 3-Stripes Sport Shorts,Clothing,Women/Clothing,Burgundy,adidas,4.7,41
RWW-0525,Retrorun Shoes,Shoes,Women/Shoes,White,adidas,4.5,762
FWB-0467,FARM Rio AEROREADY 3-Stripes Print Sports Crop Top,Clothing,Women/Clothing,Black,adidas,4.7,3
MSY-0310,Marvel Predator Freak.1 Firm Ground Cleats,Shoes,Soccer/Shoes,Yellow,PUMA,4.3,260
CKB-0241,Camo Pants,Clothing,Kids/Clothing,Black,adidas,4,1
URT-0771,Ultraboost DNA 1.0 Shoes,Shoes,Running/Shoes,Turquoise,adidas,4.8,584
PWB-0664,Postmove Shoes,Shoes,Women/Shoes,Black,adidas,4.6,84
PWP-0575,Pureboost 21 Shoes,Shoes,Women/Shoes,Purple,adidas,4.5,63
PWW-0187,Puma Sprint 10 (Unisex) Running Shoe,Shoes,Women/Shoes,White,PUMA,1.9,155
CMB-0336,Comfort Flip-Flops,Shoes,Men/Shoes,Black,adidas,4.7,470
PWW-0168,Puma Unisex-Child Tacto Ii Fg/Ag Junior Football Shoe,Shoes,Women/Shoes,White,PUMA,4.4,595
LKG-0631,Lite Racer Adapt 3.0 Shoes,Shoes,Kids/Shoes,Grey,PUMA,4.6,602
KWG-0378,Karlie Kloss Bikini Top,Clothing,Women/Clothing,Green,adidas,4.8,4
SMB-0883,Split Hoodie,Clothing,Men/Clothing,Blue,adidas,4.8,32
PWP-0665,Postmove Shoes,Shoes,Women/Shoes,Pink,adidas,4.6,84
MSB-0344,Marvel X Ghosted.3 Firm Ground Cleats,Shoes,Soccer/Shoes,Blue,adidas,4.4,160
POB-0153,PUMA Training Football,Accessories,Originals/Accessories,Black,PUMA,4.8,394
UTW-0380,Ultralight Allover Graphic Crew Performance Socks,Accessories,Training/Accessories,White,adidas,4.6,62
FWB-0466,FARM Rio Print Relaxed Lightweight Windbreaker,Clothing,Women/Clothing,Black,adidas,4.8,43
GWP-0735,Geodiver Primeblue Shoes,Shoes,Women/Shoes,Pink,adidas,4.5,42
PSB-0306,Predator Freak.3 Turf Shoes,Shoes,Soccer/Shoes,Black,PUMA,4.5,214
UWB-0426,Ultimate Bra,Clothing,Women/Clothing,Black,adidas,4.6,112
PWP-0162,Puma Womens Spike 49S100Shoe,Shoes,Women/Shoes,Pink,PUMA,4.9,27
FWG-0095,Five Ten Kestrel Lace Mountain Bike Shoes,Shoes,Women/Shoes,Grey,adidas,4.8,4
PWB-0381,Pacer 3-Stripes Woven Shorts,Clothing,Women/Clothing,Black,adidas,4.7,98
PSB-0968,Parley Sweat Pants (Gender Neutral),Clothing,Sportswear/Clothing,Black,adidas,4.8,26
NWW-0696,Nizza Platform Shoes,Shoes,Women/Shoes,White,adidas,4.7,1599
BWG-0960,Badge of Sport Classic Tee (Plus size),Clothing,Women/Clothing,Green,adidas,4.3,27
BWM-0415,Bra Top,Clothing,Women/Clothing,Multicolor,adidas,4.2,33
PWP-0164,Puma Womens 22 Fh Rubber Cricket Shoe,Shoes,Women/Shoes,Pink,PUMA,4.7,838
SOB-0605,Samba shoes,Shoes,Originals/Shoes,Black,adidas,4.7,1891
KWG-1003,Kaptir Super Shoes,Shoes,Women/Shoes,Grey,adidas,4.2,319
MSW-0584,Mexico Gamemode Firm Ground Cleats,Shoes,Soccer/Shoes,White,PUMA,4.7,24
PWB-0806,Primegreen Essentials Comfort Fleece Loose Cropped 3-Stripes Sweatshirt,Clothing,Women/Clothing,Black,adidas,5,2
MWB-0544,Marimekko Adilette Slides,Shoes,Women/Shoes,Black,adidas,4.4,207
MWB-0389,Marathon 20 Shorts,Clothing,Women/Clothing,Black,adidas,4.8,349
PWP-0183,Puma Unisex Tacto Ii Fg/Ag Seniior Football Shoe,Shoes,Women/Shoes,Pink,PUMA,5,656
URG-0772,Ultraboost DNA 1.0 Shoes,Shoes,Running/Shoes,Green,adidas,4.8,584
PWP-0865,Primeblue SST Track Pants (Plus Size),Clothing,Women/Clothing,Pink,adidas,4.8,237
AWP-0398,adidas Designed 2 Move AEROREADY Dance 7/8 Tights,Clothing,Women/Clothing,Pink,adidas,4.1,50
AWB-0474,AEROREADY FeelBrilliant Designed 2 Move 7/8 Tights (Plus Size),Clothing,Women/Clothing,Blue,adidas,4.1,14
IKP-0195,Inter Miami CF Home Authentic Jersey,Clothing,Kids/Clothing,Pink,adidas,5,2
OKB-0853,Originals x Kevin Lyons SST Set,Clothing,Kids/Clothing,Black,adidas,4.8,16
CWW-0835,Cropped Letter Hoodie,Clothing,Women/Clothing,White,adidas,4.2,5
LMG-0642,Lite Racer BYD 2.0 Shoes,Shoes,Men/Shoes,Green,adidas,4.6,135
SOW-0551,Samba OG Shoes,Shoes,Originals/Shoes,White,PUMA,4.7,1891
SOW-0778,Superstar Shoes,Shoes,Originals/Shoes,White,adidas,4.8,1866
SOW-0552,Superstar Shoes,Shoes,Originals/Shoes,White,PUMA,4.8,1866
SOW-0595,Superstar Shoes,Shoes,Originals/Shoes,White,PUMA,4.8,1866
SOW-0604,Samba OG Shoes,Shoes,Originals/Shoes,White,adidas,4.7,1891
SOW-0653,Superstar Shoes,Shoes,Originals/Shoes,White,adidas,4.8,1866
PMB-0176,Puma Unisex Tacto Ii Fg/Ag Seniior Football Shoe,Shoes,Men/Shoes,Black,PUMA,3,348
GMW-0757,Grand Court Shoes,Shoes,Men/Shoes,White,Nike,4.7,838
PMB-0160,Puma Rubber Spike Cricket Shoe,Shoes,Men/Shoes,Blue,PUMA,2.4,1467
SOB-1046,Sport Stripe High Quarter Socks 3 Pairs,Accessories,Originals/Accessories,Blue,SG,2.9,1192
SOB-0779,Superstar OT Tech Shoes,Shoes,Originals/Shoes,Black,adidas,4.3,49
SOB-1041,Superlite Hat,Accessories,Originals/Accessories,Black&White,SG,2.4,1136
OMB-0556,Ozelia Shoes,Shoes,Men/Shoes,Black,PUMA,4.7,344
OMG-0555,Ozelia Shoes,Shoes,Men/Shoes,Green,PUMA,4.7,344
SKW-1021,Stan Smith 360 Shoes,Shoes,Kids/Shoes,White,adidas,4.8,5
SKY-0279,Superstar 360 Primeblue Sandals,Shoes,Kids/Shoes,Yellow,adidas,4.9,25
SMB-0200,Superlite UB21 Tabbed No-Show Socks 2 Pairs,Accessories,Men/Accessories,Black,adidas,4.7,15
SMB-0209,Stretch Cotton Boxer Briefs 3 Pairs,Clothing,Men/Clothing,Blue,adidas,4.9,165
SMB-0293,Supernova+ Shoes,Shoes,Men/Shoes,Black,Nike,4.5,275
SMB-0428,Solid Swim Shorts,Clothing,Men/Clothing,Blue,adidas,4.6,70
SMB-0578,Superstar Shoes,Shoes,Men/Shoes,Blue,adidas,4.8,1866
3OG-1037,3-Stripes Low Cut Socks 3 Pairs,Accessories,Originals/Accessories,Green,SG,3.7,1067
3WG-0220,3-Stripes Crew Socks 3 Pairs,Accessories,Women/Accessories,Grey,adidas,5,2
LMG-0643,Lite Racer BYD 2.0 Shoes,Shoes,Men/Shoes,Grey,adidas,4.6,135
SMW-0314,Supernova+ Shoes,Shoes,Men/Shoes,White,PUMA,4.5,275
SOW-0529,Superstar Shoes,Shoes,Originals/Shoes,White,adidas,4.8,1866
TWB-0278,Terrex Trailmaker GORE-TEX Hiking Shoes,Shoes,Women/Shoes,Black,adidas,4.5,96
TWB-0842,Tights,Clothing,Women/Clothing,Blue,adidas,4.9,42
TWB-0896,Tiro Cargo Pants,Clothing,Women/Clothing,Burgundy,adidas,4.9,26
RMG-0641,Racer TR21 Shoes,Shoes,Men/Shoes,Grey,adidas,4.6,377
MMB-0403,Mesh Broken-Stripe Polo Shirt,Clothing,Men/Clothing,Blue,adidas,4.7,11
COB-0096,cricket cap ,Accessories,Originals/Accessories,Black,SG,4,62
COB-0149,CAGE  Training Football,Accessories,Originals/Accessories,Blue,PUMA,2.4,4
TWP-0134,Tank Top,Clothing,Women/Clothing,Powder Blue/Anthracite,Nike,3.7,65
EWG-0680,EQ21 Run Shoes,Shoes,Women/Shoes,Grey,PUMA,4.4,152
EWG-0681,EQ21 Run Shoes,Shoes,Women/Shoes,Grey,PUMA,4.4,152
EWG-0793,Essentials Loose Logo Tank Top,Clothing,Women/Clothing,Green,adidas,4.8,116
CWR-0834,Cropped Letter Hoodie,Clothing,Women/Clothing,Red,adidas,4.2,5
VOB-0414,Vintage Airliner Luxe Shopper Bag,Accessories,Originals/Accessories,Black,adidas,4.7,132
CWW-1026,Continental 80 Stripes Shoes,Shoes,Women/Shoes,White,adidas,4.4,16
RMG-0859,Runner Tee,Clothing,Men/Clothing,Grey,adidas,4.8,222
CRW-0570,Climacool Vento Shoes,Shoes,Running/Shoes,White,adidas,4.6,491
CKB-0841,Camo-Print Hoodie,Clothing,Kids/Clothing,Blue,adidas,4.6,64
IKB-0242,Indicator Jacket,Clothing,Kids/Clothing,Black,adidas,4.8,4
LWG-0982,Long Sleeve Dress,Clothing,Women/Clothing,Green,adidas,5,1
TKP-0350,Terrex Trailmaker RAIN.RDY Hiking Shoes,Shoes,Kids/Shoes,Purple,adidas,4.8,29
TKP-0351,Terrex Trailmaker Hiking Shoes,Shoes,Kids/Shoes,Purple,adidas,4.7,31
TKR-0246,Techfit Tights,Clothing,Kids/Clothing,Red,adidas,4.2,5
TKW-0247,Techfit Tights,Clothing,Kids/Clothing,White,adidas,4.2,5
AMB-0815,Adicolor Track Pants,Clothing,Men/Clothing,Black,adidas,4.1,16
AMB-0832,adidas Connected Through Sport Long Sleeve Graphic Tee,Clothing,Men/Clothing,Black,adidas,5,9
RMG-0638,Racer TR21 Shoes,Shoes,Men/Shoes,Grey,adidas,4.6,377
NMB-0011,Nike Sportswear,Clothing,Men/Clothing,Black/Electro Orange,Nike,4.1,61
AWW-0816,Adicolor Oversized Sweatshirt,Clothing,Women/Clothing,White,adidas,4.7,15
BOW-0093,baseball cap,Accessories,Originals/Accessories,White,SG,4.2,959
UMB-0255,Ultimate365 3-Stripes Polo Shirt,Clothing,Men/Clothing,Burgundy,adidas,4.7,69
UMB-0303,Ultraboost 21 Shoes,Shoes,Men/Shoes,Black,Nike,4.6,3900
CMW-0262,Copa Sense.3 Turf Shoes,Shoes,Men/Shoes,White,Nike,4.3,106
SMB-0882,Split Hoodie,Clothing,Men/Clothing,Black,adidas,4.8,32
SWG-1031,Supernova+ Shoes,Shoes,Women/Shoes,Grey,adidas,4.3,151
FMG-0559,FutureNatural Shoes,Shoes,Men/Shoes,Grey,PUMA,4.5,204
TMB-1020,Terrex Trailmaker Primegreen Hiking Shoes,Shoes,Men/Shoes,Beige,adidas,4.8,16
CWB-0328,Choigo Shoes,Shoes,Women/Shoes,Black,Nike,4.7,135
CWB-0829,Cropped Letter Hoodie,Clothing,Women/Clothing,Black,adidas,4.2,5
XKP-0263,X Ghosted.3 Firm Ground Cleats,Shoes,Kids/Shoes,Pink,Nike,4.7,68
XMB-0565,X9000L4 Shoes,Shoes,Men/Shoes,Black,adidas,4.5,21
XMB-1011,X9000L4 Shoes,Shoes,Men/Shoes,Black,adidas,4.5,21
XMG-1014,X9000L3 Shoes,Shoes,Men/Shoes,Grey,adidas,4.3,48
PMR-0084,Philadelphia 76ers,Clothing,Men/Clothing,Rush Blue/White/White,Nike,1.2,1
TOB-1034,Trefoil Backpack,Accessories,Originals/Accessories,Blue,SG,2.1,1350
AWO-0285,Adilette Lite Slides,Shoes,Women/Shoes,Orange,Nike,4.7,454
CWB-0587,Court Tourino Shoes,Shoes,Women/Shoes,Black,PUMA,4.6,16
EMB-0391,Essentials French Terry 3-Stripes Hoodie,Clothing,Men/Clothing,Blue,adidas,4.9,88
STP-0214,Santiago Lunch Bag,Accessories,Training/Accessories,Pink,adidas,5,51
TMG-0410,Terrex Liteflex Hiking Pants,Clothing,Men/Clothing,Green,adidas,4.7,99
TMB-0383,Terrex Multi Primegreen Full-Zip Fleece Jacket,Clothing,Men/Clothing,Blue,adidas,4.8,32
TMB-0384,Terrex Primeknit Rain.RDY Jacket,Clothing,Men/Clothing,Black,adidas,5,4
TMB-0356,Terrex AX4 Primegreen Hiking Shoes,Shoes,Men/Shoes,Blue,adidas,4.3,88
TMP-0390,Traveer WIND.RDY Jacket,Clothing,Men/Clothing,Purple,adidas,5,3
TMG-0277,Terrex Trailmaker Hiking Shoes,Shoes,Men/Shoes,Green,adidas,4.7,111
SWB-0984,Sherpa Jacket,Clothing,Women/Clothing,Black,adidas,4,2
GKW-0543,Grand Court Shoes,Shoes,Kids/Shoes,White,adidas,4.8,31
GMB-0281,Geodiver Primeblue Shoes,Shoes,Men/Shoes,Black,Nike,4.6,512
SWM-0203,Superlite Super-No-Show Socks 6 Pairs,Accessories,Women/Accessories,Multicolor,adidas,4.8,68
ZWP-0723,ZX 1K Boost Shoes,Shoes,Women/Shoes,Pink,PUMA,4.2,77
AWG-0922,Adicolor Essentials Cropped Tee,Clothing,Women/Clothing,Green,adidas,4.7,34
AWG-0252,Amplifier Tee,Clothing,Women/Clothing,Green,adidas,4.5,63
SWW-0288,Superstar Shoes,Shoes,Women/Shoes,White,Nike,4.7,9636
SMW-0620,Stan Smith Shoes,Shoes,Men/Shoes,White,PUMA,4.7,11750
SWM-0204,Superlite Super-No-Show Socks 6 Pairs,Accessories,Women/Accessories,Multicolor,adidas,4.8,68
SWO-0939,Small Crossbody Bag,Accessories,Women/Accessories,Orange,adidas,4.9,7
ZKG-0713,ZX 2K Shoes,Shoes,Kids/Shoes,Green,PUMA,4.9,14
ZMW-0568,ZX 2K Boost 2.0 Shoes,Shoes,Men/Shoes,White,adidas,4.7,183
SWB-0257,SH3.RO Tankini Bottoms (Plus Size),Clothing,Women/Clothing,Black,adidas,4.8,4
SWB-0294,Supernova Shoes,Shoes,Women/Shoes,Blue,Nike,4.5,1030
SOW-1039,Santiago Lunch Bag,Accessories,Originals/Accessories,White,SG,4.8,331
SOY-0184,Star House SPAR10 MSD Nylon Army Printed Green Cricket Backpack Kit Bag,Accessories,Originals/Accessories,Yellow,PUMA,4.6,181
ZKG-0714,ZX 2K Shoes,Shoes,Kids/Shoes,Green,PUMA,4.9,27
ZMW-0618,ZX 2K Boost 2.0 Shoes,Shoes,Men/Shoes,White,PUMA,4.7,183
ZMW-0775,ZX 1K Boost Shoes,Shoes,Men/Shoes,White,adidas,3.9,515
ETB-0233,Essentials Backpack,Accessories,Training/Accessories,Blue,adidas,4.8,64
FWP-0557,FutureNatural Shoes,Shoes,Women/Shoes,Pink,PUMA,4.5,125
FWW-0302,Futurenatural Shoes,Shoes,Women/Shoes,White,PUMA,4.5,125
FWW-0327,Fluidflow 2.0 Shoes,Shoes,Women/Shoes,White,Nike,4.6,274
UMW-0254,Ultimate365 3-Stripes Polo Shirt,Clothing,Men/Clothing,White,adidas,4.7,69
UMW-0305,Ultraboost 21 Shoes,Shoes,Men/Shoes,White,PUMA,4.6,3900
UMW-0345,Ultraboost 21 x Parley Shoes,Shoes,Men/Shoes,White,adidas,4.5,207
PMR-0207,Performance Boxer Briefs 3 Pairs,Clothing,Men/Clothing,Red,adidas,4.8,233
PMW-0145,Puma Mens 4X3d Cricket Shoe,Shoes,Men/Shoes,White,PUMA,2.1,1073
ZWT-0296,ZX 1K Boost Shoes,Shoes,Women/Shoes,Turquoise,Nike,4.2,77
ZWW-0367,ZX 2K Boost Shoes,Shoes,Women/Shoes,White,adidas,4.7,684
MOB-0188,Mercedes AMG Petronas F1Unisex Baseball Cap,Accessories,Originals/Accessories,Blue,PUMA,4.6,960
ZMY-0700,ZX 700 HD Shoes,Shoes,Men/Shoes,Yellow,adidas,4.1,251
ZMY-0709,ZX 8000 Shoes,Shoes,Men/Shoes,Yellow,PUMA,4.8,83
SMW-0648,Swift Run X Shoes,Shoes,Men/Shoes,White,adidas,4.6,1254
SWB-0322,Special 21 Shoes,Shoes,Women/Shoes,Black,Nike,4.5,50
SWB-0346,Superstar Mules,Shoes,Women/Shoes,Beige,adidas,3.9,60
STG-0218,Santiago Lunch Bag,Accessories,Training/Accessories,Grey,adidas,5,51
STG-0219,Santiago Lunch Bag,Accessories,Training/Accessories,Grey,adidas,5,51
ZKG-1019,ZX 1K Boost Shoes,Shoes,Kids/Shoes,Green,adidas,5,3
AWP-0353,Adilette Shower Slides,Shoes,Women/Shoes,Pink,adidas,4.6,327
CWB-0983,Cargo Pants,Clothing,Women/Clothing,Black,adidas,4,1
CWB-0986,Crew Sweatshirt,Clothing,Women/Clothing,Black,adidas,5,1
SMG-1029,Supernova+ Shoes,Shoes,Men/Shoes,Grey,adidas,4.5,275
SWW-0289,Superstar Shoes,Shoes,Women/Shoes,White,Nike,4.7,9636
QWG-1005,QT Racer Sport Shoes,Shoes,Women/Shoes,Grey,adidas,4.4,454
4MW-0628,4D Fusio Shoes,Shoes,Men/Shoes,White,PUMA,4.2,562
4OB-0750,4D Fusio Shoes,Shoes,Originals/Shoes,Blue,Nike,4.2,562
FOB-0172,Fundamentals Sports Bag,Accessories,Originals/Accessories,Black,PUMA,3.7,1067
CMG-0953,Camo Everyday Shorts,Clothing,Men/Clothing,Grey,adidas,4.6,10
SMW-0657,Superstar Shoes,Shoes,Men/Shoes,White,adidas,4.7,1095
SWP-0224,Superlite Hat,Accessories,Women/Accessories,Purple,adidas,4.8,126
AWB-0479,AEROREADY FeelBrilliant Designed 2 Move 7/8 Tights (Plus Size),Clothing,Women/Clothing,Black,adidas,4.1,14
AWB-0480,AEROREADY FeelBrilliant Designed 2 Move 7/8 Tights,Clothing,Women/Clothing,Black,adidas,4.7,58
AWB-0483,AEROREADY Designed 2 Move Sport Tank Top (Maternity),Clothing,Women/Clothing,Blue,adidas,4.7,51
GMG-0521,Grand Court Shoes,Shoes,Men/Shoes,Green,adidas,4.7,838
QWB-0324,QT Racer Sport Shoes,Shoes,Women/Shoes,Black,Nike,4.4,454
CSB-0261,Copa Sense.3 Firm Ground Cleats,Shoes,Soccer/Shoes,Black,Nike,4.5,214
CTB-0505,Classic Next Generation Athlete Backpack,Accessories,Training/Accessories,Black,adidas,4.9,28
AWB-0655,Adilette Slides,Shoes,Women/Shoes,Black,adidas,4.4,207
AWP-0399,adidas Designed 2 Move AEROREADY Cropped Tee,Clothing,Women/Clothing,Pink,adidas,4.7,9
RWB-0602,Retrorun Shoes,Shoes,Women/Shoes,Black,adidas,4.5,762
RWB-0704,Response Super 2.0 Shoes,Shoes,Women/Shoes,Black,adidas,4.2,38
AWB-0782,Adilette Lite Slides,Shoes,Women/Shoes,Blue,adidas,4.7,454
COB-0768,Court Rallye Slip Shoes,Shoes,Originals/Shoes,Black,Nike,4.5,449
MOW-0189,Mercedes AMG  F1Unisex Baseball Cap,Accessories,Originals/Accessories,White,PUMA,4.2,411
UOB-0159,Unisex Protector Football Gloves,Accessories,Originals/Accessories,Blue,PUMA,2.3,574
SWB-1022,Supernova Shoes,Shoes,Women/Shoes,Black,adidas,4.5,1030
SWB-1030,Supernova+ Shoes,Shoes,Women/Shoes,Blue,adidas,4.3,151
AWP-0333,Adilette Aqua Slides,Shoes,Women/Shoes,Pink,adidas,4.6,2274
SOY-0282,Superstar Shoes,Shoes,Originals/Shoes,Yellow,Nike,4.8,1866
TOB-0227,Trefoil Backpack,Accessories,Originals/Accessories,Black,adidas,4.8,59
TMW-0268,Terrex Two Flow Trail Running Shoes,Shoes,Men/Shoes,White,Nike,4.7,92
HWG-0970,Hyperglam Light Support Bra,Clothing,Women/Clothing,Green,adidas,4,11
AWG-0857,Adicolor Classics Trefoil Tee (Plus Size),Clothing,Women/Clothing,Green,adidas,4.5,44
UMY-0404,Ultimate365 Core 8.5-Inch Shorts,Clothing,Men/Clothing,Yellow,adidas,4.8,387
NWW-0104,Nike Classic Cortez,Shoes,Women/Shoes,White,Nike,4.5,34
TKW-0590,Tensor Run Shoes,Shoes,Kids/Shoes,White,PUMA,4.8,580
GMB-0357,Geodiver Primeblue Shoes,Shoes,Men/Shoes,Blue,adidas,4.6,512
SMW-0519,Short Sleeve Graphic Tee,Clothing,Men/Clothing,White,adidas,4.9,7
COW-0097,cricket cap ,Accessories,Originals/Accessories,White,SG,4.2,626
SMM-0201,Superlite No-Show Socks 6 Pairs,Accessories,Men/Accessories,Multicolor,SG,4.8,120
SMW-0770,Superstar Shoes,Shoes,Men/Shoes,White,adidas,4.8,1866
RKR-0607,Runfalcon 2.0 Shoes,Shoes,Kids/Shoes,Red,adidas,4.6,427
ZWW-0532,ZX 2K Boost Shoes,Shoes,Women/Shoes,White,adidas,4.7,684
ZWW-0621,ZX 2K Boost 2.0 Shoes,Shoes,Women/Shoes,White,PUMA,4.7,58
RMW-0368,Run Falcon 2.0 Shoes,Shoes,Men/Shoes,White,adidas,4.7,1518
ZOB-0290,ZX 1K Boost Shoes,Shoes,Originals/Shoes,Black,Nike,3.9,515
ZOB-0956,ZX 1K Boost Shoes,Shoes,Originals/Shoes,Blue,adidas,3.9,515
RTG-0514,Running Ultralight Crew Performance Socks,Accessories,Training/Accessories,Green,adidas,4.9,273
FOM-0993,Football Knee High Cushioned Socks,Accessories,Originals/Accessories,Multi,PUMA,4.2,1482
RKG-0610,Runfalcon 2.0 Shoes,Shoes,Kids/Shoes,Grey,adidas,4.6,451
EEB-0824,Essentials Logo Hoodie (Gender Neutral),Clothing,Essentials/Clothing,Blue,adidas,4.7,29
AMB-0929,adidas Sportswear Future Icons 3-Stripes Hoodie,Clothing,Men/Clothing,Blue,adidas,4.8,66
GKG-0613,Grand Court Shoes,Shoes,Kids/Shoes,Grey,adidas,4.8,463
ZKP-1017,ZX 360 Shoes,Shoes,Kids/Shoes,Pink,adidas,4.8,16
MWB-0878,Marathon Running Jacket (Plus Size),Clothing,Women/Clothing,Black,adidas,4.3,3
BWB-0253,Beach Shorts,Clothing,Women/Clothing,Black,adidas,4.5,35
KOW-0166,Kit-Bag,Accessories,Originals/Accessories,White,PUMA,3.8,502
KWB-0377,Karlie Kloss Bikini Top,Clothing,Women/Clothing,Black,adidas,4.8,4
TTG-0122,Team Speed Soccer OTC Socks,Accessories,Training/Accessories,Green,adidas,4.8,45
UOW-0990,Unisex White Football Cushioned Socks,Accessories,Originals/Accessories,White,PUMA,3,402
PKB-0307,Predator Freak.3 Turf Shoes,Shoes,Kids/Shoes,Black,PUMA,4.7,117
NMB-0058,Nike Therma Crucial Catch (NFL Miami Dolphins),Clothing,Men/Clothing,Black,Nike,3.2,132
TMB-0424,Tiro 21 Windbreaker,Clothing,Men/Clothing,Black,adidas,4.8,66
TMB-0427,The Trackstand Cycling Pants,Clothing,Men/Clothing,Black,adidas,4.7,38
RWW-0689,Racer TR21 Shoes,Shoes,Women/Shoes,White,adidas,4.8,78
SMB-0740,Swift Run X Shoes,Shoes,Men/Shoes,Black,adidas,4.6,1254
FMB-0409,Five Ten Felsblock Shorts,Clothing,Men/Clothing,Black,adidas,4.8,4
CTB-0506,Classic Waist Bag,Accessories,Training/Accessories,Black,adidas,5,1
MKP-0517,Marimekko Believe This Primegreen AEROREADY Training Bra,Clothing,Kids/Clothing,Pink,adidas,4,2
TWB-0136,T-Shirt,Clothing,Women/Clothing,Black,Nike,5,6
EWG-0801,Essentials 3-Stripes Full-Zip Hoodie,Clothing,Women/Clothing,Green,adidas,5,21
EWP-0938,Essentials Logo Dress,Clothing,Women/Clothing,Purple,adidas,4.7,49
LWW-0393,LOUNGEWEAR Essentials Logo Tee,Clothing,Women/Clothing,White,adidas,4.7,35
4MB-0751,4D Fusio Shoes,Shoes,Men/Shoes,Black,Nike,4.2,562
FWB-0417,Fast Primeblue Tee,Clothing,Women/Clothing,Black,adidas,4.8,13
ASB-0534,Adilette Comfort Sandals,Shoes,Swim/Shoes,Blue,adidas,4.7,7291
DOW-0717,Delpala x FMF Shoes,Shoes,Originals/Shoes,White,PUMA,4.8,59
AMB-0927,adidas Sportswear Future Icons 3-Stripes Hoodie,Clothing,Men/Clothing,Blue,adidas,4.8,66
AMB-0926,adidas Sportswear Future Icons Logo Graphic Tee,Clothing,Men/Clothing,Blue,adidas,4.6,78
DWB-0440,Designed to Move High-Rise Sport Zebra 7/8 Tights,Clothing,Women/Clothing,Black,adidas,3.7,20
DWB-0401,Designed 2 Move Bootcut Pants (Plus Size),Clothing,Women/Clothing,Black,adidas,4.5,34
AMY-0908,Adicolor Essentials Trefoil Swim Shorts,Clothing,Men/Clothing,Yellow,adidas,4.8,23
MWB-0846,Marimekko Oversize Tee,Clothing,Women/Clothing,Black,adidas,4.8,47
UMG-0304,Ultraboost 21 Shoes,Shoes,Men/Shoes,Grey,PUMA,4.6,3900
MKP-1007,Multix Shoes,Shoes,Kids/Shoes,Pink,adidas,4.8,85
AWP-0456,adidas x Zoe Saldana AEROREADY Rib Tank Top,Clothing,Women/Clothing,Pink,adidas,4.2,9
AWP-0447,adidas x Zoe Saldana Crop Logo Tee (Plus Size),Clothing,Women/Clothing,Pink,adidas,4.4,10
WOW-0141,White Football Knee High Cushioned Socks,Accessories,Originals/Accessories,White,PUMA,3.1,1123
FMB-0558,FutureNatural Shoes,Shoes,Men/Shoes,Blue,PUMA,4.5,204
TMB-0413,Tour Camo-Print Hat,Accessories,Men/Accessories,Blue,adidas,5,19
AMB-0867,AEROREADY Designed to Move Sport Motion Logo Tee,Clothing,Men/Clothing,Blue,adidas,4.5,46
EWW-0810,Essentials 3-Stripes Track Jacket,Clothing,Women/Clothing,White,adidas,4.4,9
TTW-0124,Team Speed Soccer OTC Socks,Accessories,Training/Accessories,White,adidas,4.8,45
VWP-0237,VFA Backpack,Accessories,Women/Accessories,Purple,adidas,4.9,76
BWP-0812,Brand Love Repeat Logo High-Waist Woven Pants,Clothing,Women/Clothing,Purple,adidas,4.3,16
HMW-0630,Hoops 2.0 Mid Shoes,Shoes,Men/Shoes,White,PUMA,4.5,231
FKR-0431,FC Bayern Tee,Clothing,Kids/Clothing,Red,adidas,4.4,5
FOY-0177,Future 20.3 Unisex Cricket Pads,Accessories,Originals/Accessories,Yellow,PUMA,2.4,1136
BOB-0181,Black & White Future 20.3 Unisex Thigh Cricket Pads,Accessories,Originals/Accessories,Black&White,PUMA,3.7,1251
BOB-0182,Blue Future 20.3 Unisex Cricket Pads,Accessories,Originals/Accessories,Blue,PUMA,2.7,1387
LWW-0981,Long Sleeve Dress,Clothing,Women/Clothing,White,adidas,5,1
FWB-0422,Formotion Sculpt Tights,Clothing,Women/Clothing,Blue,adidas,4.2,144
FMB-1033,Fleece Sweatshirt,Clothing,Men/Clothing,Blue,adidas,4.8,53
TOY-1038,Trefoil Backpack,Accessories,Originals/Accessories,Yellow,SG,3.7,1251
TSB-0379,Tiro Primegreen Bottom Compartment Duffel Bag Medium,Accessories,Soccer/Accessories,Blue,adidas,4.8,38
UKW-0354,Ultraboost 21 Shoes,Shoes,Kids/Shoes,White,adidas,4.6,241
TOG-0225,Trefoil Backpack,Accessories,Originals/Accessories,Grey,adidas,4.8,59
SMG-0501,Solid Swim Shorts,Clothing,Men/Clothing,Gold,adidas,4.6,70
CMR-0073,Chelsea FC Repel Academy AWF,Clothing,Men/Clothing,Rush Blue/Chlorine Blue/White,Nike,4.3,5
RWM-0116,Replica Baseball Jersey,Clothing,Women/Clothing,Midnight Navy,Nike,4.8,68
FMB-0369,Fluidflow 2.0 Shoes,Shoes,Men/Shoes,Blue,adidas,4.6,375
AMB-0967,adidas Sportswear Future Icons 3-Stripes Sweatshirt,Clothing,Men/Clothing,Black,adidas,4.7,54
AMG-0870,AEROREADY Designed to Move Sport Motion Logo Tee,Clothing,Men/Clothing,Green,adidas,4.5,46
AMG-0875,Aeromotion Tee,Clothing,Men/Clothing,Green,adidas,4.6,45
AMO-0804,Adicolor Classics MM Trefoil Hoodie,Clothing,Men/Clothing,Orange,adidas,4.9,35
AMW-0092,Athletic Cushioned Crew Socks 6 Pairs,Accessories,Men/Accessories,White,adidas,4,5
RMG-0250,Relaxed Camo Trefoil Hat,Accessories,Men/Accessories,Green,adidas,4.8,4
EKB-0271,EQ21 Run Shoes,Shoes,Kids/Shoes,Blue,Nike,4.7,177
3WP-0439,3-Stripes Training Tee (Plus Size),Clothing,Women/Clothing,Pink,adidas,4,2
DWB-0441,Designed to Move High-Rise Sport Zebra Capri Tights,Clothing,Women/Clothing,Black,adidas,4.3,3
DWB-0477,Designed to Move High-Rise Sport Zebra 7/8 Tights,Clothing,Women/Clothing,Blue,adidas,3.7,20
ETR-0234,Essentials Backpack,Accessories,Training/Accessories,Red,adidas,4.8,64
EWG-0299,EQT Spikeless Golf Shoes,Shoes,Women/Shoes,Grey,Nike,4.9,30
BWP-0961,Badge of Sport Classic Tee (Plus size),Clothing,Women/Clothing,Purple,adidas,4.3,27
BWP-0813,Brand Love Repeat Logo Half-Zip Windbreaker,Clothing,Women/Clothing,Pink,adidas,4.8,8
AWB-0284,Adilette Slides,Shoes,Women/Shoes,Black,Nike,4.4,207
AWB-0331,Adilette Aqua Slides,Shoes,Women/Shoes,Blue,adidas,4.6,2274
AWB-0332,Adilette Aqua Slides,Shoes,Women/Shoes,Blue,adidas,4.6,2274
AWB-0449,adidas x Zoe Saldana Feelbrilliant AEROREADY 3/4 Printed Sport Tights,Clothing,Women/Clothing,Blue,adidas,4.9,19
AWB-0450,adidas x Zoe Saldana Feelbrilliant AEROREADY 3/4 Printed Sport Tights,Clothing,Women/Clothing,Black,adidas,4.9,19
AWB-0452,adidas x Zoe Saldana Feelbrilliant AEROREADY 7/8 Printed Sport Tights,Clothing,Women/Clothing,Blue,adidas,4.5,29
AWB-0451,adidas x Zoe Saldana Feelbrilliant AEROREADY 7/8 Printed Sport Tights (Plus Size),Clothing,Women/Clothing,Blue,adidas,5,4
ASP-0535,Adilette Comfort Sandals,Shoes,Swim/Shoes,Pink,adidas,4.7,7291
AWB-0139,Air Jordan OG,Shoes,Women/Shoes,Black,Nike,0,0
ASB-0599,Adilette Clogs,Shoes,Swim/Shoes,Blue,adidas,4.6,2005
ASG-0194,Adilette Aqua Slides,Shoes,Swim/Shoes,Grey,adidas,4.5,5499
ASB-0598,Adilette Boost Slides,Shoes,Swim/Shoes,Blue,adidas,4.6,1365
AWB-0454,adidas x Zoe Saldana AEROREADY Sport Tee,Clothing,Women/Clothing,Blue,adidas,5,6
SMG-0386,Saturday Shorts,Clothing,Men/Clothing,Grey,adidas,4.4,215
FMY-0423,Five Ten Heritage Logo Tee,Clothing,Men/Clothing,Yellow,adidas,5,8
FOW-0418,Fold-Cuff Crew Socks 3 Pairs,Accessories,Originals/Accessories,White,adidas,4.7,76
BWB-0444,Brand Love Repeat Logo High-Waist Woven Pants,Clothing,Women/Clothing,Black,adidas,4.3,16
ZKB-0291,ZX 2K Boost Shoes,Shoes,Kids/Shoes,Black,Nike,4.8,80
ASB-0342,Adilette Comfort Slides,Shoes,Swim/Shoes,Black,adidas,4.7,7291
FKG-0734,FortaRun Lace Running Shoes,Shoes,Kids/Shoes,Grey,adidas,4.7,104
FKG-0792,Future Icons 3-Stripes Tapered-Leg Pants,Clothing,Kids/Clothing,Grey,adidas,4.6,14
FEW-0571,Fluidflash Shoes,Shoes,Essentials/Shoes,White,adidas,4.2,120
FFB-0259,Five Ten Hiangle Pro Competition Climbing Shoes,Shoes,Five Ten/Shoes,Black,adidas,3.7,7
LMB-0469,Lil Stripe Ignite SZN Hoodie,Clothing,Men/Clothing,Black,adidas,5,2
LMB-0470,Lil Stripe Ignite SZN Hoodie,Clothing,Men/Clothing,Blue,adidas,5,2
LMB-0644,Lite Racer BYD 2.0 Shoes,Shoes,Men/Shoes,Blue,adidas,4.6,135
AWP-0807,Adicolor Classics 3-Stripes Tights,Clothing,Women/Clothing,Pink,adidas,4.7,307
AWR-0905,Adicolor Classics Crop Hoodie,Clothing,Women/Clothing,Red,adidas,4.7,249
AWW-0008,Air Jordan OG,Shoes,Women/Shoes,White,Nike,0,0
AWP-0915,Adicolor Classics Bra Top,Clothing,Women/Clothing,Pink,adidas,4.9,37
DWB-0478,Designed 2 Move 7/8 Sport Tights (Maternity),Clothing,Women/Clothing,Blue,adidas,3.9,134
DWB-0476,Designed to Move High-Rise Sport Zebra Capri Tights,Clothing,Women/Clothing,Blue,adidas,4.3,3
DWB-0397,Designed 2 Move 7/8 Sport Tights (Maternity),Clothing,Women/Clothing,Black,adidas,3.9,134
AWW-0109,Air Jordan 5 Retro,Shoes,Women/Shoes,White,Nike,3.3,3
AWR-0919,Adicolor Classics Collegiate Cropped Hoodie,Clothing,Women/Clothing,Red,adidas,4.6,14
AWP-0852,adidas Sportswear Seasonals Stadium Sweatshirt,Clothing,Women/Clothing,Pink,adidas,4.5,2
AWP-0912,Adicolor Classics Ripstop Shorts,Clothing,Women/Clothing,Pink,adidas,4.4,34
AWP-0913,Adicolor Classics Tricot Skirt,Clothing,Women/Clothing,Pink,adidas,4.6,46
PMW-0178,Puma Mens Cricket Shoe,Shoes,Men/Shoes,White,PUMA,2.6,496
PMW-0573,Pureboost 21 Shoes,Shoes,Men/Shoes,White,adidas,4.2,77
UWP-0487,Utilitas Hooded Parka,Clothing,Women/Clothing,Pink,adidas,5,4
UWW-0721,Ultraboost Slip-On DNA Shoes,Shoes,Women/Shoes,White,adidas,4.5,385
PMW-0161,Puma Unisex-Child Tacto Ii Fg/Ag Junior Football Shoe,Shoes,Men/Shoes,White,PUMA,4.9,1135
4MG-0752,4D Fusio Shoes,Shoes,Men/Shoes,Grey,Nike,4.2,562
AWP-0881,adidas Sportswear Seasonals Stadium Hooded Track Jacket (Plus Size),Clothing,Women/Clothing,Pink,adidas,5,1
AWP-0892,Adicolor Classics Oversized Sweatshirtâ€‹,Clothing,Women/Clothing,Pink,adidas,4.7,63
AWP-0894,adidas Adicolor Trefoil Hoodie,Clothing,Women/Clothing,Pink,adidas,4.8,671
TTW-0123,Team Speed Soccer OTC Socks,Accessories,Training/Accessories,White,adidas,4.8,45
ETB-0235,Essentials Backpack,Accessories,Training/Accessories,Black,adidas,4.8,64
EWP-0438,Elevate Yoga Flow 7/8 Tights,Clothing,Women/Clothing,Purple,adidas,4.4,44
DWG-0400,Designed 2 Move High-Rise 3-Stripes 7/8 Sport Tights (Plus Size),Clothing,Women/Clothing,Grey,adidas,4.2,87
AWM-0946,Aggies Long Sleeve Quarter-Zip Knit Sweatshirt,Clothing,Women/Clothing,Multi,adidas,5,1
AWB-0457,adidas x Zoe Saldana AEROREADY Bra Top,Clothing,Women/Clothing,Blue,adidas,4.5,8
AWB-0473,AEROREADY FeelBrilliant Designed 2 Move 7/8 Tights,Clothing,Women/Clothing,Blue,adidas,4.7,58
RMB-0862,Runner Tee,Clothing,Men/Clothing,Burgundy,adidas,4.8,222
SMG-0741,Swift Run X Shoes,Shoes,Men/Shoes,Grey,adidas,4.6,1254
CMR-0083,Chelsea FC Strike,Clothing,Men/Clothing,Rush Blue/College Navy/White,Nike,4.8,995
CMW-0015,Charlotte Hornets,Clothing,Men/Clothing,White,Nike,4.9,654
HKP-0606,Hamburg Shoes,Shoes,Kids/Shoes,Pink,adidas,4.8,29
CMW-0388,Conext 21 Mini Ball,Accessories,Men/Accessories,White,PUMA,5,10
COB-0321,Court Rallye Slip Shoes,Shoes,Originals/Shoes,Black,Nike,4.5,449
LWG-0978,Leggings,Clothing,Women/Clothing,Green,adidas,5,1
CMW-0976,College Tee,Clothing,Men/Clothing,White,adidas,3,2
AOB-0910,Adicolor Backpack,Accessories,Originals/Accessories,Black,adidas,4.8,298
AOG-0248,Adicolor Snap Case iPhone X,Accessories,Originals/Accessories,Green,adidas,4.8,12
SMW-0295,Supernova Shoes,Shoes,Men/Shoes,White,Nike,4.5,1047
YMG-0512,Yoga Pants,Clothing,Men/Clothing,Green,adidas,4.8,20
AMB-0932,adidas Sportswear Future Icons 3-Stripes Shorts,Clothing,Men/Clothing,Blue,adidas,4.9,30
RWW-0690,Racer TR21 Shoes,Shoes,Women/Shoes,White,adidas,4.8,78
AMO-0805,Adicolor Classics MM Trefoil Shorts,Clothing,Men/Clothing,Orange,adidas,4.9,104
AMG-0921,adidas SPRT Colorblock Track Pants,Clothing,Men/Clothing,Grey,adidas,4.5,29
MMB-0726,Multix Shoes,Shoes,Men/Shoes,Black,PUMA,4.5,314
MOB-0169,Men Protector Football Gloves,Accessories,Originals/Accessories,Blue,PUMA,4.8,331
SMG-0210,Stretch Cotton Boxer Briefs 3 Pairs,Clothing,Men/Clothing,Grey,adidas,4.9,165
AWP-0918,Adicolor Classics Collegiate Tight Tee,Clothing,Women/Clothing,Pink,adidas,4.4,31
GMW-0280,Geodiver Primeblue Shoes,Shoes,Men/Shoes,White,Nike,4.6,512
COW-0158,CAGE Youth Training Football,Accessories,Originals/Accessories,White,PUMA,4.5,553
QWB-0335,QT Racer 2.0 Shoes,Shoes,Women/Shoes,Black,adidas,4.2,452
ROB-0889,R.Y.V. Sling Pack,Accessories,Originals/Accessories,Black,adidas,5,9
ROB-1036,Relaxed Marble Wash Hat,Accessories,Originals/Accessories,Black,SG,4.6,181
SMW-0777,Superstar Shoes,Shoes,Men/Shoes,White,adidas,4.7,1095
ZOG-0547,ZX 1K Boost Shoes,Shoes,Originals/Shoes,Green,PUMA,3.9,515
RKW-0340,Runfalcon 2.0 Shoes,Shoes,Kids/Shoes,White,adidas,4.6,427
SWP-0349,Supernova Shoes,Shoes,Women/Shoes,Purple,adidas,4.5,1030
SWP-0360,Special 21 Shoes,Shoes,Women/Shoes,Purple,adidas,4.5,50
AWG-0949,adidas Sportswear Future Icons 3-Stripes Hooded Track Jacket,Clothing,Women/Clothing,Grey,adidas,4.8,30
ZOG-0955,ZX 1K Boost Shoes,Shoes,Originals/Shoes,Grey,adidas,3.9,515
AWB-0808,Adicolor Classics 3-Stripes Tights,Clothing,Women/Clothing,Blue,adidas,4.7,307
AWB-0592,Adilette Comfort Slides,Shoes,Women/Shoes,Black,PUMA,4.7,3812
AWB-0594,Adilette Comfort Slides,Shoes,Women/Shoes,Black,PUMA,4.7,3812
AWB-0898,Adicolor Classics Satin Dress,Clothing,Women/Clothing,Black,adidas,4.7,28
AWB-0916,Adicolor Classics Satin Tape Cropped Hoodie,Clothing,Women/Clothing,Black,adidas,4.7,23
AWB-0917,Adicolor Classics Satin Tape Cropped Hoodie,Clothing,Women/Clothing,Blue,adidas,4.7,23
EMB-0494,Ergo Tennis Shorts,Clothing,Men/Clothing,Black,adidas,4.5,20
QWP-0523,QT Racer 2.0 Shoes,Shoes,Women/Shoes,Pink,adidas,4.2,452
QWP-0541,QT Racer Sport Shoes,Shoes,Women/Shoes,Pink,adidas,4.4,454
QWW-0540,QT Racer Sport Shoes,Shoes,Women/Shoes,White,adidas,4.4,454
GMW-0334,Grand Court SE Shoes,Shoes,Men/Shoes,White,adidas,4.8,165
MMB-0405,Marathon 3-Stripes Jacket,Clothing,Men/Clothing,Black,adidas,4.8,39
RMB-0783,Racer TR21 Shoes,Shoes,Men/Shoes,Blue,adidas,4.6,377
EMB-0672,EQ21 Run COLD.RDY Shoes,Shoes,Men/Shoes,Black,PUMA,4.6,28
ZKP-1018,ZX 360 Shoes,Shoes,Kids/Shoes,Pink,adidas,4.8,18
ZKW-0311,ZX 2K Boost Shoes,Shoes,Kids/Shoes,White,PUMA,4.8,80
NWW-0251,Nike Air Force 1 Mid '07,Shoes,Women/Shoes,White,Nike,3.8,4
NWW-0632,NMD_R1 Shoes,Shoes,Women/Shoes,White,adidas,4.5,1702
SKW-0258,Superstar Shoes,Shoes,Kids/Shoes,White,adidas,4.8,46
SWP-0459,Soft Floral Box Graphic Tank Top,Clothing,Women/Clothing,Pink,adidas,4.4,10
SKW-0313,Stan Smith Primeblue Shoes,Shoes,Kids/Shoes,White,PUMA,4.5,13
SKW-0329,Stan Smith Shoes,Shoes,Kids/Shoes,White,Nike,5,9
OOB-0211,Originals Sunglasses OR0032,Accessories,Originals/Accessories,Brown,adidas,5,2
OOB-0212,Originals Sunglasses OR0032,Accessories,Originals/Accessories,Black,adidas,5,2
FWW-0460,Flower Camo Box Graphic Tee,Clothing,Women/Clothing,White,adidas,4.5,4
FWW-0825,Foil Mandala Graphic Tee,Clothing,Women/Clothing,White,adidas,4.5,8
FWW-0884,Fast Primeblue Tee,Clothing,Women/Clothing,White,adidas,4.8,13
ZKW-0374,ZX 1K Boost Shoes,Shoes,Kids/Shoes,White,adidas,4.6,37
ZKW-0572,ZX 2K Boost Shoes,Shoes,Kids/Shoes,White,adidas,4.8,80
RMB-0861,Runner Tee,Clothing,Men/Clothing,Blue,adidas,4.8,222
SWW-0985,Sherpa Jacket,Clothing,Women/Clothing,White,adidas,4,2
SWW-1023,Supernova Shoes,Shoes,Women/Shoes,White,adidas,4.5,1030
XSY-0265,X Ghosted.3 Firm Ground Cleats,Shoes,Soccer/Shoes,Yellow,Nike,4.4,160
ZOW-0297,ZX 2K Boost Shoes,Shoes,Originals/Shoes,White,Nike,4.7,2540
FWB-0461,Foil Mandala Graphic Tee,Clothing,Women/Clothing,Blue,adidas,4.5,8
ZMG-0581,ZX 2K Boost Shoes,Shoes,Men/Shoes,Grey,PUMA,4.7,2540
LMW-0767,Lite Racer Adapt 4.0 Shoes,Shoes,Men/Shoes,White,Nike,4.6,395
COW-0098,cricket cap ,Accessories,Originals/Accessories,White,SG,1.9,262
FOB-0156,Fundamentals X666 Bag,Accessories,Originals/Accessories,Blue,PUMA,2.4,383
ZOW-0527,ZX 2K Boost Shoes,Shoes,Originals/Shoes,White,adidas,4.7,2540
PWW-0192,Puma Women 19.1 Bowling Cricket Shoe,Shoes,Women/Shoes,White,PUMA,3.9,545
PWW-0662,Postmove Shoes,Shoes,Women/Shoes,White,adidas,4.6,84
PWW-0663,Postmove Shoes,Shoes,Women/Shoes,White,adidas,4.6,84
SMW-1032,Supernova Shoes,Shoes,Men/Shoes,White,adidas,4.5,1047
BWW-0763,Bryony Shoes,Shoes,Women/Shoes,White,Nike,4.4,44
SWP-0553,SAMBAROSE Shoes,Shoes,Women/Shoes,Pink,PUMA,4.7,1918
ZOW-0560,ZX 1K Boost Shoes,Shoes,Originals/Shoes,White,adidas,3.9,515
ZOW-0566,ZX 2K Boost Shoes,Shoes,Originals/Shoes,White,adidas,4.7,2540
ZOW-0785,ZX 2K Boost Shoes,Shoes,Originals/Shoes,White,adidas,4.7,2540
ZOY-0298,ZX 2K Boost Shoes,Shoes,Originals/Shoes,Yellow,Nike,4.7,2540
GKR-0206,Graphic Tee and Shorts Set,Clothing,Kids/Clothing,Red,adidas,5,1
MWG-0747,Multix Shoes,Shoes,Women/Shoes,Green,adidas,4.2,350
ZMG-0582,ZX 2K Boost Shoes,Shoes,Men/Shoes,Green,PUMA,4.7,2540
LMY-0198,Linear Superlite Super-No-Show Socks 6 Pairs,Accessories,Men/Accessories,Yellow,adidas,4.7,55
CWO-0132,Cropped T-Shirt,Clothing,Women/Clothing,Orange,Nike,4.5,51
AWG-0893,Adicolor Classics Long Sleeve Tee,Clothing,Women/Clothing,Grey,adidas,4.8,239
AWG-0907,Adicolor Essentials Fleece Hoodie,Clothing,Women/Clothing,Green,adidas,4.7,94
TKW-0273,Terrex Trailmaker Hiking Shoes,Shoes,Kids/Shoes,White,adidas,4.7,31
AWP-0396,adidas x Zoe Saldana AEROREADY 7/8 Leggings,Clothing,Women/Clothing,Pink,adidas,4,25
AWB-0945,adidas Sportswear Seasonals Stadium Shorts,Clothing,Women/Clothing,Black,adidas,4.6,8
AWB-0948,adidas Sportswear Future Icons 3-Stripes Hooded Track Jacket,Clothing,Women/Clothing,Black,adidas,4.8,30
AWB-0969,adidas Love Unites All Me 3-Stripes Graphic Bra,Clothing,Women/Clothing,Black,adidas,4.9,18
SWP-0554,SAMBAROSE Shoes,Shoes,Women/Shoes,Pink,PUMA,4.7,1918
PWW-0666,Postmove Shoes,Shoes,Women/Shoes,White,adidas,4.6,84
LMW-0052,LeBron Soldier 13 SFG,Shoes,Men/Shoes,White,Nike,4.2,6
AWB-0497,Adizero 1/2 Zip Long Sleeve Tee,Clothing,Women/Clothing,Black,adidas,4.7,3
AWB-0516,adidas Sportswear Future Icons 3-Stripes Skinny Pants,Clothing,Women/Clothing,Black,adidas,4,4
KMB-0635,Kaptir Super Shoes,Shoes,Men/Shoes,Black,adidas,4.4,595
RSB-0370,Racer TR Slides,Shoes,Swim/Shoes,Blue,adidas,4.4,79
RSW-0500,Real Madrid Scarf,Accessories,Soccer/Accessories,White,adidas,4.8,5
OKB-0603,Originals Flex Shoes,Shoes,Kids/Shoes,Black,adidas,4.5,41
SKW-0286,Superstar Star Wars Shoes,Shoes,Kids/Shoes,White,Nike,4.8,59
SKW-0287,Stan Smith Primeblue Shoes,Shoes,Kids/Shoes,White,Nike,5,4
HKB-0695,Hoops 2.0 Mid Shoes,Shoes,Kids/Shoes,Black,adidas,4.8,234
RWG-0601,Retrorun Shoes,Shoes,Women/Shoes,Green,adidas,4.5,762
RWG-0691,Racer TR21 Shoes,Shoes,Women/Shoes,Grey,adidas,4.8,78
RWG-0703,Response Super 2.0 Shoes,Shoes,Women/Shoes,Grey,adidas,4.2,38
RWG-0754,Runfalcon 2.0 Shoes,Shoes,Women/Shoes,Grey,Nike,4.7,540
ZWB-0366,ZX 2K Boost Shoes,Shoes,Women/Shoes,Blue,adidas,4.7,684
ZWB-0827,Zebra Logo Graphic Tee,Clothing,Women/Clothing,Blue,adidas,4.5,25
GMW-0699,Geodiver Primeblue Shoes,Shoes,Men/Shoes,White,adidas,4.6,512
DKB-0614,Daily 3.0 Shoes,Shoes,Kids/Shoes,Black,adidas,4.7,190
DKP-0496,Disney Mickey Mouse Summer Set,Clothing,Kids/Clothing,Pink,adidas,4.9,9
ZMR-0580,ZX 2K Boost Shoes,Shoes,Men/Shoes,Red,PUMA,4.7,2540
ZMG-0619,ZX 2K Boost 2.0 Shoes,Shoes,Men/Shoes,Grey,PUMA,4.7,183
ZMG-0649,ZX 1K Boost Shoes,Shoes,Men/Shoes,Grey,adidas,3.9,515
ZMG-0661,ZX 1K Boost Shoes,Shoes,Men/Shoes,Grey,adidas,5,1
SOB-0102,Sun hat,Accessories,Originals/Accessories,Black,SG,3.2,565
ZMG-0701,ZX 700 HD Shoes,Shoes,Men/Shoes,Grey,adidas,4.1,251
ZMG-0702,ZX 700 HD Shoes,Shoes,Men/Shoes,Grey,adidas,4.1,251
ZMG-0707,ZX 8000 Shoes,Shoes,Men/Shoes,Green,PUMA,4.8,83
ZMG-0710,ZX 8000 Shoes,Shoes,Men/Shoes,Grey,PUMA,4.8,83
ZMW-0309,ZX 700 HD shoes,Shoes,Men/Shoes,White,PUMA,4.1,251
ZMW-0364,ZX 700 HD Shoes,Shoes,Men/Shoes,White,adidas,4.1,251
4OG-0325,4D Fusio Shoes,Shoes,Originals/Shoes,Grey,Nike,4.2,562
4OO-0326,4D Fusio Shoes,Shoes,Originals/Shoes,Orange,Nike,4.2,562
NWW-0091,Nike Air Huarache Ultra,Shoes,Women/Shoes,White,Nike,4.6,12
HWB-0952,Holiday Graphic Tights (Plus Size),Clothing,Women/Clothing,Burgundy,adidas,3.7,3
LMW-0507,Long Sleeve Graphic Tee,Clothing,Men/Clothing,White,adidas,4.8,4
NWW-0099,Nike Benassi JDI Floral,Shoes,Women/Shoes,White,Nike,4.1,8
CMM-0230,Classic Superlite No-Show Socks 6 Pairs,Accessories,Men/Accessories,Multicolor,adidas,4.7,34
AWG-0448,adidas x Zoe Saldana Crop Logo Tee (Plus Size),Clothing,Women/Clothing,Green,adidas,4.4,10
KMB-0730,Kaptir Super Shoes,Shoes,Men/Shoes,Black,PUMA,4.4,595
RMB-0365,Response Super 2.0 Shoes,Shoes,Men/Shoes,Black,adidas,4.5,94
RMB-0528,Racer TR21 Shoes,Shoes,Men/Shoes,Black,adidas,4.6,377
RMB-0545,Racer TR21 Wide Shoes,Shoes,Men/Shoes,Black,adidas,4.6,57
RMB-0636,Racer TR21 Shoes,Shoes,Men/Shoes,Burgundy,adidas,4.6,377
RMB-0637,Racer TR21 Shoes,Shoes,Men/Shoes,Black,adidas,4.6,377
RMB-0640,Racer TR21 Shoes,Shoes,Men/Shoes,Blue,adidas,4.6,377
LOB-0991,Lightweight Running Cap,Accessories,Originals/Accessories,Black,PUMA,3.5,616
LOY-1047,Linear Superlite Super-No-Show Socks 6 Pairs,Accessories,Originals/Accessories,Yellow,SG,2.8,452
LWB-0802,LOUNGEWEAR Essentials Logo Fleece Hoodie,Clothing,Women/Clothing,Blue,adidas,4.4,91
NWW-0007,Nike SB Bruin High,Shoes,Women/Shoes,White,Nike,4.2,6
CTM-0236,Creator Backpack,Accessories,Training/Accessories,Multicolor,adidas,4.9,33
NWP-0355,NMD_R1 Spectoo Shoes,Shoes,Women/Shoes,Pink,adidas,4.1,181
SWW-0315,Supernova+ Shoes,Shoes,Women/Shoes,White,PUMA,4.3,151
ZKW-0611,ZX 2K Boost Shoes,Shoes,Kids/Shoes,White,adidas,4.3,8
ZMO-0318,ZX 1K Boost Shoes,Shoes,Men/Shoes,Orange,Nike,3.9,515
ZKW-1000,ZX 1K Shoes,Shoes,Kids/Shoes,White,adidas,4.7,17
ZKW-1001,ZX 1K Shoes,Shoes,Kids/Shoes,White,adidas,4.7,17
SWP-0742,Swift Run X Shoes,Shoes,Women/Shoes,Pink,adidas,4.5,562
AWG-0453,adidas x Zoe Saldana AEROREADY Sport Tee,Clothing,Women/Clothing,Green,adidas,5,6
AWG-0962,adidas Sportswear Future Icons Animal-Print Sweatshirt,Clothing,Women/Clothing,Grey,adidas,4.8,5
AWM-0056,Air Jordan 11 Low,Shoes,Women/Shoes,Multi,Nike,0,0
SWR-0564,Swift X Shoes,Shoes,Women/Shoes,Red,adidas,4.3,55
ZKW-1025,ZX 1K Boost Shoes,Shoes,Kids/Shoes,White,adidas,4.6,37
ZKY-0312,ZX 2K Boost Shoes,Shoes,Kids/Shoes,Yellow,PUMA,4.8,80
ZMB-0283,ZX 700 HD shoes,Shoes,Men/Shoes,Black,Nike,4.1,251
ZMB-0308,ZX 700 HD shoes,Shoes,Men/Shoes,Blue,PUMA,4.1,251
PMB-0267,Predator Freak.3 Indoor Shoes,Shoes,Men/Shoes,Black,Nike,4.7,51
PMB-0488,Primeblue Always Om Yoga Shorts,Clothing,Men/Clothing,Blue,adidas,4.4,7
PMB-0574,Pureboost 21 Shoes,Shoes,Men/Shoes,Blue,adidas,4.2,77
PMB-0667,Postmove Shoes,Shoes,Men/Shoes,Black,adidas,4.5,72
PMG-0071,Portugal 2022/23 Stadium Home,Clothing,Men/Clothing,Gorge Green/Pepper Red/Gold Dart,Nike,3.9,62
PMG-0940,Predators Long Sleeve Tee,Clothing,Men/Clothing,Grey,adidas,4.6,5
PMP-0142,Puma Unisex-Adult Evospeed Sprint 10 (Unisex) Running Shoe,Shoes,Men/Shoes,Purple,PUMA,2.6,290
PMP-0150,Puma Sprint 10 (Unisex) Running Shoe,Shoes,Men/Shoes,Purple,PUMA,4.6,157
OMW-0901,Own the Run Long Sleeve Tee,Clothing,Men/Clothing,White,adidas,4.7,350
AMB-0934,adidas Sportswear Future Icons Logo Graphic Pants,Clothing,Men/Clothing,Black,adidas,4.7,44
EKG-0539,EQ21 Run Shoes,Shoes,Kids/Shoes,Grey,adidas,4.7,177
EMB-0674,EQ21 Run Shoes,Shoes,Men/Shoes,Black,PUMA,4.6,146
EMB-0677,EQ21 Run Shoes,Shoes,Men/Shoes,Blue,PUMA,4.6,146
EMB-0679,EQ21 Run Shoes,Shoes,Men/Shoes,Black,PUMA,4.6,146
EMG-0495,Essentials Light Down Vest,Clothing,Men/Clothing,Green,adidas,4.8,142
EMG-0675,EQ21 Run Shoes,Shoes,Men/Shoes,Grey,PUMA,4.6,146
EMG-0678,EQ21 Run Shoes,Shoes,Men/Shoes,Grey,PUMA,4.6,146
EMG-0817,Essentials Embroidered Small Logo Hoodie,Clothing,Men/Clothing,Green,adidas,4.7,66
EMG-0954,EQ21 Run Shoes,Shoes,Men/Shoes,Grey,adidas,4.6,146
EMO-0676,EQ21 Run Shoes,Shoes,Men/Shoes,Orange,PUMA,4.6,146
QWB-0683,QT Racer 2.0 Shoes,Shoes,Women/Shoes,Black,PUMA,4.2,452
QWB-0684,QT Racer 2.0 Shoes,Shoes,Women/Shoes,Black,PUMA,4.2,452
QWB-0688,QT Racer 2.0 Shoes,Shoes,Women/Shoes,Black,adidas,4.2,452
HMG-0971,Hurricanes Premier Alternate Jersey,Clothing,Men/Clothing,Green,adidas,1,1
PWW-0686,Puremotion Shoes,Shoes,Women/Shoes,White,PUMA,4.5,808
PWW-0994,Puma Women Rubber Spike Cricket Shoe,Shoes,Women/Shoes,white,PUMA,1.9,151
QWB-1004,QT Racer Sport Shoes,Shoes,Women/Shoes,Black,adidas,4.4,454
RMB-0729,Retropy P9 Shoes,Shoes,Men/Shoes,Blue,PUMA,4.2,6
RMB-0756,Run Falcon 2.0 Shoes,Shoes,Men/Shoes,Blue,Nike,4.7,1518
RMB-0759,Response Super 2.0 Shoes,Shoes,Men/Shoes,Black,Nike,4.5,94
CMM-0231,Classic Superlite Super-No-Show Socks 6 Pairs,Accessories,Men/Accessories,Multicolor,adidas,4.9,76
COW-0769,Court Rallye Slip Shoes,Shoes,Originals/Shoes,White,adidas,4.5,449
COW-1035,Classic Superlite No-Show Socks 6 Pairs,Accessories,Originals/Accessories,White,SG,2.6,624
HWB-0974,Hyperglam Crop Crew Sweatshirt,Clothing,Women/Clothing,Black,adidas,4.7,25
NWR-0128,Nike Air Max Verona,Shoes,Women/Shoes,Red,Nike,0,0
ZWW-0651,ZX 1K Boost Shoes,Shoes,Women/Shoes,White,adidas,4.2,77
NWW-0133,Nike Benassi,Shoes,Women/Shoes,White,Nike,4.3,12
GMB-0819,Graphics Camo Shorts,Clothing,Men/Clothing,Blue,adidas,4.9,38
ZWW-0622,ZX 2K Boost 2.0 Shoes,Shoes,Women/Shoes,White,PUMA,4.7,58
ZWW-0625,ZX 2K Boost Pure Shoes,Shoes,Women/Shoes,White,PUMA,4.5,52
ZWW-0626,ZX 2K Boost Pure Shoes,Shoes,Women/Shoes,White,PUMA,4.5,52
RMW-0430,Runner Tee,Clothing,Men/Clothing,White,adidas,4.8,222
RMW-0562,Racer TR21 Wide Shoes,Shoes,Men/Shoes,White,adidas,4.6,57
RMW-0639,Racer TR21 Shoes,Shoes,Men/Shoes,White,adidas,4.6,377
GMG-0973,Graphics Camo Allover Print Tee,Clothing,Men/Clothing,Green,adidas,4.9,18
ZWW-0652,ZX 1K Boost Shoes,Shoes,Women/Shoes,White,adidas,4.2,77
ZWW-0711,ZX 8000 Shoes,Shoes,Women/Shoes,White,PUMA,5,6
ZWW-0725,ZX 1K Boost Shoes,Shoes,Women/Shoes,White,PUMA,4.2,77
ZWW-0826,Zebra Logo Graphic Tee,Clothing,Women/Clothing,White,adidas,4.5,25
ZWY-0561,ZX 1K Boost Shoes,Shoes,Women/Shoes,Yellow,adidas,4.2,77
NWW-0039,Nike Odyssey React,Shoes,Women/Shoes,White,Nike,4.1,8
ZWG-0548,ZX 1K Boost Shoes,Shoes,Women/Shoes,Green,PUMA,4.2,77
ZWG-0624,ZX 2K Boost 2.0 Shoes,Shoes,Women/Shoes,Green,PUMA,4.7,58
GMW-0706,Grand Court SE Shoes,Shoes,Men/Shoes,White,adidas,4.8,165
KMG-0716,Kaptir Super Shoes,Shoes,Men/Shoes,Grey,PUMA,4.4,595
DMW-0076,Denver Nuggets Nike x Filip Pagowski,Clothing,Men/Clothing,White,Nike,5,3
NWR-1048,Nike Air Huarache,Shoes,Women/Shoes,Red,Nike,4.5,63
NWP-0012,Nike Odyssey React Flyknit 2,Shoes,Women/Shoes,Purple,Nike,3.4,26
TOB-1045,Tiago Lunch Bag,Accessories,Originals/Accessories,Black,SG,4.2,847
UOW-0171,Unisex Protector Football Gloves,Accessories,Originals/Accessories,White,PUMA,4.2,36
UOW-0191,Unisex Football Gloves,Accessories,Originals/Accessories,White,PUMA,3.1,1139
ZMB-0363,ZX 700 HD Shoes,Shoes,Men/Shoes,Black,adidas,4.1,251
ZMB-0585,ZX 2K Boost 2.0 Shoes,Shoes,Men/Shoes,Black,PUMA,4.7,183
ZMB-0616,ZX 2K Boost Pure Shoes,Shoes,Men/Shoes,Blue,PUMA,4.3,26
MWR-0847,Marimekko Shorts,Clothing,Women/Clothing,Red,adidas,4.5,56
MWR-0848,Marimekko Hoodie,Clothing,Women/Clothing,Red,adidas,4.6,52
SWW-0317,Supernova Tokyo Shoes,Shoes,Women/Shoes,White,Nike,4.5,1030
ROB-0888,R.Y.V. Toploader Backpack,Accessories,Originals/Accessories,Black,adidas,4.7,7
KMW-0063,KD Trey 5 VII EP,Shoes,Men/Shoes,White,Nike,0,0
SOB-0167,SHE Future 20.3 Unisex Cricket Pads,Accessories,Originals/Accessories,Blue,PUMA,3.7,1327
SOB-0358,Sport Waist Pack,Accessories,Originals/Accessories,Blue,adidas,4.8,176
AOB-0909,Adicolor Branded Webbing Waist Bag,Accessories,Originals/Accessories,Blue,adidas,4.6,48
FWB-0465,FARM Rio Print Relaxed Lightweight Windbreaker,Clothing,Women/Clothing,Blue,adidas,4.8,43
GMB-0821,Graphics Monogram Track Jacket,Clothing,Men/Clothing,Black,adidas,4.3,9
OOG-0196,Originals Sunglasses OR0013,Accessories,Originals/Accessories,Green,adidas,4.7,3
OWW-0738,OZWEEGO Shoes,Shoes,Women/Shoes,White,adidas,4.8,332
OWW-0739,Ozelia Shoes,Shoes,Women/Shoes,White,adidas,4.7,85
OWB-0737,OZWEEGO Shoes,Shoes,Women/Shoes,Black,adidas,4.8,332
SWW-0361,Stan Smith Shoes,Shoes,Women/Shoes,White,adidas,4.6,1841
SWW-0526,Stan Smith Shoes,Shoes,Women/Shoes,White,adidas,4.6,1841
SWW-0563,Swift X Shoes,Shoes,Women/Shoes,White,adidas,4.3,55
SWW-0731,Stan Smith Shoes,Shoes,Women/Shoes,White,PUMA,4.6,1841
CMP-0503,Classic 3-Stripes Swim Shorts,Clothing,Men/Clothing,Pink,adidas,4.7,201
SWW-0732,Stan Smith Shoes,Shoes,Women/Shoes,White,PUMA,4.6,1841
MOW-0157,Mercedes  Petronas F1Unisex Baseball Cap,Accessories,Originals/Accessories,White,PUMA,3.7,117
MWR-0880,Marathon 20 Shorts,Clothing,Women/Clothing,Red,adidas,4.8,349
MWW-0748,Multix Shoes,Shoes,Women/Shoes,White,adidas,4.2,350
4OW-0749,4D Fusio Shoes,Shoes,Originals/Shoes,White,Nike,4.2,562
4OY-0753,4D Fusio Shoes,Shoes,Originals/Shoes,Yellow,Nike,4.2,562
4RB-0489,4CMTE Four Panel RAIN.RDY Running Training Cycling Cap,Accessories,Running/Accessories,Black,adidas,4.7,25
4TB-0394,4ATHLTS ID Duffel Bag Small,Accessories,Training/Accessories,Black,adidas,4.8,14
4TB-0818,4ATHLTS Backpack,Accessories,Training/Accessories,Blue,adidas,4.8,206
RWM-0106,Replica Baseball Jersey,Clothing,Women/Clothing,Midnight Navy,Nike,3.9,5
RTW-0385,Running Ultralight Crew Performance Socks,Accessories,Training/Accessories,White,adidas,4.9,273
RWB-0362,Racer TR21 Shoes,Shoes,Women/Shoes,Black,adidas,4.8,78
GMW-0715,Grand Court Shoes,Shoes,Men/Shoes,White,PUMA,4.7,838
RMW-0758,Response Super 2.0 Shoes,Shoes,Men/Shoes,White,Nike,4.5,94
RMW-0761,Response Super 2.0 Shoes,Shoes,Men/Shoes,White,Nike,4.5,94
ROB-0155,Running Cap,Accessories,Originals/Accessories,Black,PUMA,3.5,728
ROB-0863,R.Y.V. Baseball Cap,Accessories,Originals/Accessories,Black,adidas,4.9,34
DKP-0615,Daily 3.0 Shoes,Shoes,Kids/Shoes,Pink,PUMA,4.7,190
BWW-0764,Bryony Shoes,Shoes,Women/Shoes,White,Nike,4.4,44
BWW-0765,Bryony Shoes,Shoes,Women/Shoes,White,Nike,4.4,44
BWW-0998,Bryony Shoes,Shoes,Women/Shoes,White,adidas,4.4,44
COW-1042,Classic Superlite Super-No-Show Socks 6 Pairs,Accessories,Originals/Accessories,White,SG,4.6,960
LOB-0165,Lightweight Running Cap,Accessories,Originals/Accessories,Black,PUMA,3,442
CWG-0988,Crew Sweatshirt,Clothing,Women/Clothing,Green,adidas,5,1
CWM-0240,Colorwash No-Show Socks 3 Pairs,Accessories,Women/Accessories,Multicolor,adidas,4.9,17
SWW-0202,Superlite Super-No-Show Socks 6 Pairs,Accessories,Women/Accessories,White,adidas,4.8,68
UOG-0175,Unisex Protector Football Gloves,Accessories,Originals/Accessories,Green,PUMA,2.9,1192
UOW-0151,Unisex White Football Knee High Cushioned Socks,Accessories,Originals/Accessories,White,PUMA,2.5,1352
CWP-0989,Crew Sweatshirt,Clothing,Women/Clothing,Purple,adidas,5,1
CWB-0256,Classic 3-Stripes Swimsuit,Clothing,Women/Clothing,Black,adidas,4.5,35
ZMB-0617,ZX 2K Boost 2.0 Shoes,Shoes,Men/Shoes,Blue,PUMA,4.7,183
ZMB-0650,ZX 2K Boost 2.0 Shoes,Shoes,Men/Shoes,Black,adidas,4.7,183
SWW-0223,Sport Stripe High Quarter Socks 3 Pairs,Accessories,Women/Accessories,White,adidas,4.8,5
SWW-0272,Supernova+ Shoes,Shoes,Women/Shoes,White,adidas,4.3,151
SWG-1024,Supernova Shoes,Shoes,Women/Shoes,Grey,adidas,4.5,1030
AWG-0482,AEROREADY Designed 2 Move Sport Tank Top (Maternity),Clothing,Women/Clothing,Green,adidas,4.7,51
AWG-0538,Adilette Comfort Slides,Shoes,Women/Shoes,Gold,adidas,4.7,3812
AWG-0788,Adicolor Essentials Fleece Sweatshirt,Clothing,Women/Clothing,Green,adidas,4.5,128
RMB-0760,Response Super 2.0 Shoes,Shoes,Men/Shoes,Blue,Nike,4.5,94
QWG-0784,QT Racer 2.0 Shoes,Shoes,Women/Shoes,Grey,adidas,4.2,452
ZWG-0463,Zebra Logo Graphic Tee,Clothing,Women/Clothing,Green,adidas,4.5,25
HKB-0786,Hamburg Shoes,Shoes,Kids/Shoes,Black,adidas,4.8,29
LWP-0421,LOUNGEWEAR Tights,Clothing,Women/Clothing,Purple,adidas,4.5,236
AMB-0789,Adicolor Classics 3-Stripes Crew Sweatshirt,Clothing,Men/Clothing,Blue,adidas,4.8,214
AKB-0338,Adilette Comfort Slides,Shoes,Kids/Shoes,Black,adidas,4.8,84
AKB-0839,Allover Print Camo Graphic Tee,Clothing,Kids/Clothing,Blue,adidas,4.8,34
AOB-0903,Adicolor Collegiate Baseball Cap,Accessories,Originals/Accessories,Black,adidas,4.5,15
FWG-0814,Fast Primeblue Tee,Clothing,Women/Clothing,Green,adidas,4.8,13
EWW-0371,Edge Lux 4 Shoes,Shoes,Women/Shoes,White,adidas,3.8,69
EWW-0392,Essentials Loose Logo Tank Top,Clothing,Women/Clothing,White,adidas,4.8,116
EWW-0796,Essentials Logo Tee (Plus Size),Clothing,Women/Clothing,White,adidas,4.5,29
EWP-0795,Essentials Loose Logo Tank Top,Clothing,Women/Clothing,Purple,adidas,4.8,116
EWP-0798,Essentials Loose 3-Stripes Cropped Tee,Clothing,Women/Clothing,Purple,adidas,4.6,33
EWP-0799,Essentials Loose 3-Stripes Cropped Tee,Clothing,Women/Clothing,Pink,adidas,4.6,33
EWP-0809,Essentials 3-Stripes Cropped Hoodie,Clothing,Women/Clothing,Purple,adidas,4.9,37
EWB-0443,Essentials 3-Stripes Track Jacket,Clothing,Women/Clothing,Black,adidas,4.4,9
EWB-0800,Essentials 3-Stripes Full-Zip Hoodie,Clothing,Women/Clothing,Blue,adidas,5,21
LWP-0980,Long Sleeve Dress,Clothing,Women/Clothing,Purple,adidas,5,1
WMB-0408,Warp knit Cargo Pants,Clothing,Men/Clothing,Blue,adidas,4.7,47
AMB-0348,Adizero RC 3 Shoes,Shoes,Men/Shoes,Blue,adidas,4.3,13
AMB-0406,Aeroknit Designed 2 Move Sport Seamless Tee,Clothing,Men/Clothing,Black,adidas,4.8,27
PMW-0669,Postmove Shoes,Shoes,Men/Shoes,White,adidas,4.5,72
AKB-0836,Allover Print SST Pants,Clothing,Kids/Clothing,Blue,adidas,5,15
AKB-0837,Allover Print Camo Shorts and Tee Set,Clothing,Kids/Clothing,Blue,adidas,5,8
EWB-0442,Essentials 3-Stripes Crop Top,Clothing,Women/Clothing,Black,adidas,4,6
EWG-0412,Essentials Slim Logo Shorts,Clothing,Women/Clothing,Grey,adidas,4.8,54
BWW-0577,Bryony Shoes,Shoes,Women/Shoes,White,adidas,4.4,44
BWT-0115,Boxy T-Shirt,Clothing,Women/Clothing,Team Crimson,Nike,4.5,1
BWP-0959,Badge of Sport Classic Tee (Plus size),Clothing,Women/Clothing,Pink,adidas,4.3,27
FKR-0567,FortaRun Lace Running Shoes,Shoes,Kids/Shoes,Red,adidas,4.7,104
AMB-0851,adidas Sportswear Comfy and Chill Tee,Clothing,Men/Clothing,Black,adidas,4.8,58
AMB-0791,adidas SPRT Logo Tee,Clothing,Men/Clothing,Black,adidas,4.8,17
EWG-0797,Essentials Logo Tee (Plus Size),Clothing,Women/Clothing,Grey,adidas,4.5,29
4MB-0627,4D Fusio Shoes,Shoes,Men/Shoes,Black,PUMA,4.2,562
GSS-0583,Gamemode Firm Ground Cleats,Shoes,Soccer/Shoes,Silver,PUMA,4.7,24
FWB-0468,FARM Rio Feelbrilliant AEROREADY High-Rise Tights,Clothing,Women/Clothing,Black,adidas,4.6,48
GSW-0373,Gamemode Firm Ground Cleats,Shoes,Soccer/Shoes,White,adidas,4.7,24
AWP-0897,adidas Sportswear Wrapped 3-Stripes Full-Zip Hoodie,Clothing,Women/Clothing,Pink,adidas,4.7,133
AMB-0923,adidas Sportswear Future Icons Logo Graphic Tee,Clothing,Men/Clothing,Burgundy,adidas,4.6,78
EWP-0794,Essentials Loose Logo Tank Top,Clothing,Women/Clothing,Pink,adidas,4.8,116
FOW-0886,Fold-Cuff Crew Socks 3 Pairs,Accessories,Originals/Accessories,White,adidas,4.7,76
ZKB-0999,ZX 1K Shoes,Shoes,Kids/Shoes,Black,adidas,4.7,17
ZKG-0612,ZX 2K Boost Shoes,Shoes,Kids/Shoes,Green,adidas,4.3,8
BWB-0828,Best Version of Myself Slogan Graphic Tank Top,Clothing,Women/Clothing,Black,adidas,4.4,7
CWW-0694,Cloudfoam Pure 2.0  Shoes,Shoes,Women/Shoes,White,adidas,4.4,594
SMG-0208,Stretch Cotton Trunk Briefs 3 Pairs,Clothing,Men/Clothing,Grey,adidas,4.4,9
WOB-1044,Wash Mini Hat,Accessories,Originals/Accessories,Blue,SG,2.9,1444
AMB-0925,adidas Sportswear Future Icons Logo Graphic Tee,Clothing,Men/Clothing,Blue,adidas,4.6,78
AWP-0781,Adilette Lite Slides,Shoes,Women/Shoes,Pink,adidas,4.7,454
CWW-0744,Choigo Shoes,Shoes,Women/Shoes,White,adidas,4.7,135
CWW-0766,Cloudfoam Pure 2.0  Shoes,Shoes,Women/Shoes,White,Nike,4.4,594
AWW-0780,Adilette Lite Slides,Shoes,Women/Shoes,White,adidas,4.7,454
AWW-0671,adidas Sleek Shoes,Shoes,Women/Shoes,White,adidas,4.6,608
CKW-0270,Copa Sense.3 Laceless Firm Ground Cleats,Shoes,Kids/Shoes,White,Nike,4.8,43
AWW-0656,Adilette Slides,Shoes,Women/Shoes,White,adidas,4.4,207
CMB-0029,Club America,Clothing,Men/Clothing,Black/White,Nike,4.6,166
CKW-0838,Camo Print Graphic Tee,Clothing,Kids/Clothing,White,adidas,5,1
TOP-1040,Trefoil Backpack,Accessories,Originals/Accessories,Pink,SG,2.7,1387
TTW-0125,Team Speed Soccer OTC Socks,Accessories,Training/Accessories,White,adidas,4.8,45
TTW-0126,Team Speed Soccer OTC Socks,Accessories,Training/Accessories,White,adidas,4.8,45
HMP-0504,HEAT.RDY Warrior Tee,Clothing,Men/Clothing,Purple,adidas,4.6,57
MMR-0902,Marathon 3-Stripes Jacket,Clothing,Men/Clothing,Red,adidas,4.8,39
MMT-0036,MLB Arizona Diamondbacks City Connect,Clothing,Men/Clothing,Team Gold,Nike,5,15
MMB-0972,Manga Short Sleeve Tee,Clothing,Men/Clothing,Blue,adidas,4.9,15
MOB-0186,Mercedes  Petronas  Baseball Cap,Accessories,Originals/Accessories,Black,PUMA,2.6,624
AMG-0492,AEROREADY Designed 2 Move Feelready Sport Tee,Clothing,Men/Clothing,Green,adidas,4.7,427
AMG-0515,adidas Sportswear Future Icons Logo Graphic Hoodie,Clothing,Men/Clothing,Green,adidas,4.6,67
AMW-0951,adidas Sportswear Comfy & Chill Pants,Clothing,Men/Clothing,White,adidas,4.6,73
OMR-0670,Ownthegame Shoes,Shoes,Men/Shoes,Red,adidas,4.7,105
BWP-0445,Brand Love Repeat Logo Half-Zip Windbreaker,Clothing,Women/Clothing,Purple,adidas,4.8,8
LWB-0977,Leggings,Clothing,Women/Clothing,Black,adidas,5,1
LWG-0107,Long-Sleeve 1/2-Zip Fleece,Clothing,Women/Clothing,Grey Heather/White/Pro Green,Nike,2.8,46
AMB-0491,AEROREADY Designed 2 Move Feelready Sport Tee,Clothing,Men/Clothing,Blue,adidas,4.7,427
AMW-0319,Adizero RC 3 Tokyo Shoes,Shoes,Men/Shoes,White,Nike,4.3,13
RWM-0117,Replica Baseball Jersey,Clothing,Women/Clothing,Midnight Navy,Nike,4.1,0
RWP-0524,Retrorun Shoes,Shoes,Women/Shoes,Purple,adidas,4.5,762
RWP-0705,Response Super 2.0 Shoes,Shoes,Women/Shoes,Pink,adidas,4.2,38
RWP-0876,Runner Tee,Clothing,Women/Clothing,Purple,adidas,4.6,76
RKB-0437,Real Madrid Tee,Clothing,Kids/Clothing,Blue,adidas,4.3,3
TWM-0844,Track Pants,Clothing,Women/Clothing,Multicolor,adidas,4.8,19
PMW-0668,Postmove Shoes,Shoes,Men/Shoes,White,adidas,4.5,72
AOR-0904,Adicolor Collegiate Baseball Cap,Accessories,Originals/Accessories,Red,adidas,4.5,15
AWP-0937,adidas Sportswear W.N.D. Windbreaker,Clothing,Women/Clothing,Pink,adidas,5,6
AWP-0964,adidas Sportswear Future Icons Hoodie,Clothing,Women/Clothing,Purple,adidas,4.6,14
AWP-0537,Adilette Comfort Slides,Shoes,Women/Shoes,Pink,adidas,4.7,3812
AWR-0895,adidas Adicolor Trefoil Hoodie,Clothing,Women/Clothing,Red,adidas,4.8,671
AWP-0593,Adilette Comfort Slides,Shoes,Women/Shoes,Purple,PUMA,4.7,3812
AWP-0481,AEROREADY Breathable Sport Tank Top,Clothing,Women/Clothing,Pink,adidas,4.7,15
AWP-0920,Adicolor Classics Collegiate Cropped Hoodie,Clothing,Women/Clothing,Pink,adidas,4.6,14
AWP-0464,adidas x FARM Rio Print Boyfriend Cropped Cotton Logo Tee,Clothing,Women/Clothing,Purple,adidas,4.8,13
AWP-0472,AEROREADY Breathable 3-Stripes Long Sleeve Tee,Clothing,Women/Clothing,Purple,adidas,4.8,12
RWW-0341,Runfalcon 2.0 Shoes,Shoes,Women/Shoes,White,adidas,4.7,540
HWG-0877,How We Do Long Tights,Clothing,Women/Clothing,Grey,adidas,4.7,45
MKW-0375,Mexico Away Jersey,Clothing,Kids/Clothing,White,adidas,4.9,42
AWP-0858,adidas Sportswear Future Icons Logo Graphic Tee,Clothing,Women/Clothing,Pink,adidas,4.8,6
MKP-0518,Marimekko Techfit Primegreen AEROREADY Training Pocket Tights,Clothing,Kids/Clothing,Pink,adidas,4.1,9
AMW-0868,AEROREADY Designed to Move Sport Motion Logo Tee,Clothing,Men/Clothing,White,adidas,4.5,46
SMW-0199,Superlite Low-Cut Socks 6 Pairs,Accessories,Men/Accessories,White,adidas,5,18
SMW-0292,Supernova+ Shoes,Shoes,Men/Shoes,White,Nike,4.5,275
FMB-0300,Futurenatural Shoes,Shoes,Men/Shoes,Black,PUMA,4.5,204
AMB-0520,AEROREADY Designed to Move Sport Motion Logo Hoodie,Clothing,Men/Clothing,Black,adidas,4.8,89
FWB-0301,Futurenatural Shoes,Shoes,Women/Shoes,Black,PUMA,4.5,125
JMC-0070,Jordan France,Clothing,Men/Clothing,College Navy/White/University Red/White,Nike,4,165
RKG-0608,Runfalcon 2.0 Shoes,Shoes,Kids/Shoes,Grey,adidas,4.6,427
RKB-0609,Runfalcon 2.0 Shoes,Shoes,Kids/Shoes,Black,adidas,4.6,427
AWW-0446,adidas x Zoe Saldana Crop Logo Tee (Plus Size),Clothing,Women/Clothing,White,adidas,4.4,10
AWW-0455,adidas x Zoe Saldana AEROREADY Rib Tank Top,Clothing,Women/Clothing,White,adidas,4.2,9
AMB-0407,Aeroknit Designed 2 Move Sport Seamless Long Sleeve Tee,Clothing,Men/Clothing,Black,adidas,4.8,11
AKY-0509,adidas x Classic LEGOA tee,Clothing,Kids/Clothing,Yellow,adidas,4.7,15
AMB-0874,Aeromotion Pants,Clothing,Men/Clothing,Blue,adidas,4.8,8
AMB-0890,AEROREADY Warrior Tee,Clothing,Men/Clothing,Blue,adidas,4.8,51
TTB-0121,Team Speed Soccer OTC Socks,Accessories,Training/Accessories,Black,adidas,4.8,45
AOB-0249,Adicolor Snap Case iPhone X,Accessories,Originals/Accessories,Black,adidas,4.8,12
AMB-0433,adidas Sportswear Future Icons 3-Stripes Hoodie,Clothing,Men/Clothing,Black,adidas,4.8,66
OMW-0736,Ozelia Shoes,Shoes,Men/Shoes,White,adidas,4.7,344
OMW-0899,Own the Run Tee,Clothing,Men/Clothing,White,adidas,4.7,1352
OMR-0900,Own the Run Tee,Clothing,Men/Clothing,Red,adidas,4.7,1352
MKP-1008,Multix Shoes,Shoes,Kids/Shoes,Pink,adidas,4.8,79
AMB-0499,adidas Z.N.E. Sportswear Pants,Clothing,Men/Clothing,Black,adidas,4.8,30
AMB-0513,adidas Hockey Hoodie,Clothing,Men/Clothing,Black,adidas,5,2
AKW-0733,adidas Superstar x LEGOA Shoes,Shoes,Kids/Shoes,White,adidas,5,87
CRB-0343,Climacool Vento Shoes,Shoes,Running/Shoes,Black,adidas,4.6,491
AMB-0589,Adilette Shower Slides,Shoes,Men/Shoes,Black,PUMA,4.5,5815
AMB-0790,Adicolor Classics 3-Stripes Windbreaker,Clothing,Men/Clothing,Black,adidas,4.9,12
AKB-0269,Adizero Club Tennis Shoes,Shoes,Kids/Shoes,Blue,Nike,4.5,17
AKB-0193,Advantage Shoes,Shoes,Kids/Shoes,Black,adidas,4.8,545
HOG-0979,Hoodie,Clothing,Originals/Clothing,Green,adidas,5,2
AMB-0411,Adicross Hybrid Shorts,Clothing,Men/Clothing,Black,adidas,4.5,17
AMB-0498,adidas Z.N.E. Sportswear Hoodie,Clothing,Men/Clothing,Black,adidas,4.8,60
AKB-0866,adidas x Classic LEGOA Track Suit,Clothing,Kids/Clothing,Blue,adidas,5,6
AKO-0510,adidas x Classic LEGOA Tights,Clothing,Kids/Clothing,Orange,adidas,5,1
AMB-0434,adidas Sportswear Future Icons 3-Stripes Shorts,Clothing,Men/Clothing,Black,adidas,4.9,30
AMB-0435,adidas Sportswear Future Icons Logo Graphic Hoodie,Clothing,Men/Clothing,Blue,adidas,4.6,67
AKW-0372,adidas FortaRun Shoes,Shoes,Kids/Shoes,White,adidas,4.8,52
AKP-0885,Adicolor Cropped Hoodie,Clothing,Kids/Clothing,Pink,adidas,4.8,22
AKW-0339,Advantage Shoes,Shoes,Kids/Shoes,White,adidas,4.8,545
AOB-0823,adidas Adventure Ball Cap,Accessories,Originals/Accessories,Blue,adidas,4.5,2
AMB-0588,Adilette Shower Slides,Shoes,Men/Shoes,Blue,PUMA,4.5,5815
AMW-0432,adidas Sportswear Comfy and Chill Tee,Clothing,Men/Clothing,White,adidas,4.8,58
AMW-0436,adidas Sportswear Future Icons Logo Graphic Tee,Clothing,Men/Clothing,White,adidas,4.6,78
AMW-0533,Adilette Comfort Slides,Shoes,Men/Shoes,White,adidas,4.7,7291
AMW-0591,Advantage Eco Shoes,Shoes,Men/Shoes,White,PUMA,4.6,619
AMG-0871,AEROREADY  Designed to Move Sport Camo-Print Shorts,Clothing,Men/Clothing,Grey,adidas,4.8,157
AMG-0873,AEROREADY Designed to Move Sport Motion Logo Hoodie,Clothing,Men/Clothing,Grey,adidas,4.8,89
AMG-0872,AEROREADY  Designed to Move Sport Camo Logo Tee,Clothing,Men/Clothing,Green,adidas,4.9,41
AMG-0936,adidas Z.N.E. Sportswear Hoodie,Clothing,Men/Clothing,Green,adidas,4.8,60
AMG-0943,adidas Sportswear Comfy & Chill Full Zip Hoodie,Clothing,Men/Clothing,Grey,adidas,4.2,32
AMG-0879,AEROREADY Designed 2 Move Feelready Sport Long Sleeve Tee,Clothing,Men/Clothing,Green,adidas,4.7,104
AMG-0965,adidas Sportswear Future Icons Logo Graphic Tee,Clothing,Men/Clothing,Grey,adidas,4.6,78
AMR-0869,AEROREADY  Designed to Move Sport Camo-Print Shorts,Clothing,Men/Clothing,Red,adidas,4.8,157
AMR-0891,AEROREADY Warrior Tee,Clothing,Men/Clothing,Red,adidas,4.8,51
AWB-0458,adidas x Zoe Saldana Long Sleeve Tee,Clothing,Women/Clothing,Black,adidas,4.6,15
AMY-0490,AEROREADY Designed 2 Move Feelready Sport Tee,Clothing,Men/Clothing,Yellow,adidas,4.7,427
EWP-0546,EQ21 Run Shoes,Shoes,Women/Shoes,Purple,PUMA,4.4,152
SMG-0323,Swift Run X Shoes,Shoes,Men/Shoes,Grey,Nike,4.6,1254
PMW-0154,Puma Mens Spike 49S100Shoe,Shoes,Men/Shoes,White,PUMA,4.7,354
HKB-1027,HULK STAN SMITH SHOES,Shoes,Kids/Shoes,Black,adidas,4.6,8
AMB-0935,adidas Sportswear Future Icons Logo Graphic Pants,Clothing,Men/Clothing,Blue,adidas,4.7,44
AMB-0942,adidas Sportswear Comfy & Chill Full Zip Hoodie,Clothing,Men/Clothing,Black,adidas,4.2,32
AMB-0944,adidas Sportswear Comfy & Chill Pants,Clothing,Men/Clothing,Black,adidas,4.6,73
AMW-0931,adidas Sportswear Future Icons 3-Stripes Tee,Clothing,Men/Clothing,White,adidas,4.6,67
AWW-0475,AEROREADY Designed 2 Move Sport Tee,Clothing,Women/Clothing,White,adidas,4.6,40
PMW-0992,Puma Mens 22 Fh Rubber Cricket Shoe,Shoes,Men/Shoes,white,PUMA,3.7,528
AMG-0822,AEROREADY Designed 2 Move Sport Stretch Tee,Clothing,Men/Clothing,Green,adidas,4.7,293
AMG-0850,adidas Sportswear Comfy and Chill Tee,Clothing,Men/Clothing,Grey,adidas,4.8,58
JMM-0950,Jayhawks Quarter-Zip Knit Sweatshirt,Clothing,Men/Clothing,Multi,adidas,5,2
AMB-0958,adidas Equipment Tiro Track Pants,Clothing,Men/Clothing,Black,adidas,4.8,42
HWB-0110,High-Rise Fleece Dance Shorts,Clothing,Women/Clothing,Black,Nike,4.2,1
CKB-0840,Camo-Print SST Top,Clothing,Kids/Clothing,Blue,adidas,4.9,25
EMW-0673,EQ21 Run Shoes,Shoes,Men/Shoes,White,PUMA,4.6,146
ZMB-0658,ZX 1K Boost Shoes,Shoes,Men/Shoes,Blue,adidas,3.9,515
ZMB-0659,ZX 1K Boost Shoes,Shoes,Men/Shoes,Black,adidas,5,1
PKB-0596,Puremotion Shoes,Shoes,Kids/Shoes,Black,PUMA,4.9,18
AMB-0928,adidas Sportswear Future Icons 3-Stripes Pants,Clothing,Men/Clothing,Blue,adidas,4.7,54
BMG-0419,Badge of Sport Tee,Clothing,Men/Clothing,Grey,adidas,4.7,102
BMW-0420,Badge of Sport Tee,Clothing,Men/Clothing,White,adidas,4.7,102
BOB-0094,baseball cap,Accessories,Originals/Accessories,Black,SG,3.8,6
AMG-0966,adidas Sportswear Future Icons 3-Stripes Sweatshirt,Clothing,Men/Clothing,Grey,adidas,4.7,54
AMM-0963,adidas Sportswear Future Icons Camo Graphic Sweatshirt,Clothing,Men/Clothing,Multicolor,adidas,4.9,19
AMO-0402,adidas Sportswear Woven 3-Stripes Track Top,Clothing,Men/Clothing,Orange,adidas,4.9,72
AMW-0833,AEROREADY 3-Stripes 8-Inch Shorts,Clothing,Men/Clothing,White,adidas,4.8,667
AMG-0924,adidas Sportswear Future Icons Logo Graphic Tee,Clothing,Men/Clothing,Green,adidas,4.6,78
AMG-0930,adidas Sportswear Future Icons 3-Stripes Tee,Clothing,Men/Clothing,Grey,adidas,4.6,67
PMB-0143,Puma Football Shoe,Shoes,Men/Shoes,Black,PUMA,3.5,1253
AMB-0933,adidas Sportswear Future Icons 3-Stripes Tee,Clothing,Men/Clothing,Blue,adidas,4.6,67
HWW-0845,HER Studio London Hoodie,Clothing,Women/Clothing,White,adidas,4.9,17
HWP-0975,Hyperglam Crop Crew Sweatshirt,Clothing,Women/Clothing,Purple,adidas,4.7,25
MKB-0746,Marvel Superhero Racer TR 2.0 Shoes,Shoes,Kids/Shoes,Black,adidas,5,9
GOG-0173,Green Army Print Cricket Pads,Accessories,Originals/Accessories,Grey,PUMA,2.8,452
HWR-0685,HER Studio London Adilette Slides,Shoes,Women/Shoes,Red,PUMA,4.4,207
HWR-0941,HEAT.RDY Running Tank Top,Clothing,Women/Clothing,Red,adidas,4.8,9
CRB-0359,Climacool Vento Shoes,Shoes,Running/Shoes,Blue,adidas,4.6,491
LKB-0586,Lite Racer Adapt 4.0 Shoes,Shoes,Kids/Shoes,Blue,PUMA,4.5,191
LKB-0597,Lite Racer Adapt 3.0 Shoes,Shoes,Kids/Shoes,Black,PUMA,4.6,602
HWB-0911,Holiday Graphic Tights (Plus Size),Clothing,Women/Clothing,Black,adidas,3.7,3
LWG-0787,LOUNGEWEAR Adicolor Essentials Tee,Clothing,Women/Clothing,Green,adidas,4.8,59
LWG-0855,Logo Play Cropped Hoodie,Clothing,Women/Clothing,Grey,adidas,4.6,16
LWG-0856,Logo Play Tee,Clothing,Women/Clothing,Grey,adidas,4.5,13
CMB-0429,Classic 3-Stripes Swim Shorts,Clothing,Men/Clothing,Black,adidas,4.7,201
SMB-1028,Supernova+ Shoes,Shoes,Men/Shoes,Black,adidas,4.5,275
SMF-0065,Sacramento Kings Icon Edition,Clothing,Men/Clothing,Field Purple/Dark Steel Grey/White/White,Nike,4.3,125
CWU-0135,Cropped T-Shirt,Clothing,Women/Clothing,University Red,Nike,4.1,51
CWW-0337,Comfort Flip-Flops,Shoes,Women/Shoes,White,adidas,4.5,245
CWW-0522,Cloudfoam Pure 2.0  Shoes,Shoes,Women/Shoes,White,adidas,4.4,594
CWW-0633,Choigo Shoes,Shoes,Women/Shoes,White,adidas,4.7,135
UWB-0722,Ultraboost Slip-On DNA Shoes,Shoes,Women/Shoes,Black,adidas,4.5,385
LKP-0243,Long Sleeve Tee and Printed Tights Set,Clothing,Kids/Clothing,Pink,adidas,5,1
PWB-0108,Pullover Hoodie,Clothing,Women/Clothing,Black,Nike,1.9,156
FWB-0395,Formotion Sculpt Biker Short Tights,Clothing,Women/Clothing,Black,adidas,4.4,26
PWP-0957,Parley Shorts,Clothing,Women/Clothing,Pink,adidas,4,2
POB-0152,Puma evoSPEED Cricket Trolley bag,Accessories,Originals/Accessories,Black,PUMA,4.7,499
KWW-0600,Kaptir Super Shoes,Shoes,Women/Shoes,White,adidas,4.2,319
PWB-0485,Primeblue Designed 2 Move Woven 3-Stripes Sport Shorts,Clothing,Women/Clothing,Blue,adidas,4.7,41
BWY-0462,Best Version of Myself Slogan Graphic Tank Top,Clothing,Women/Clothing,Yellow,adidas,4.4,7
ZMB-0708,ZX 8000 Shoes,Shoes,Men/Shoes,Beige,PUMA,4.8,83
ZMB-0776,ZX 1K Boost Shoes,Shoes,Men/Shoes,Black,adidas,3.9,515
ZMG-0579,ZX 2K Boost Shoes,Shoes,Men/Shoes,Grey,PUMA,4.7,2540
KOG-0996,Kit-Bag,Accessories,Originals/Accessories,Grey,PUMA,3.9,655
KOP-0185,Kit-Bag,Accessories,Originals/Accessories,Pink,PUMA,2.9,1444
QWW-0542,QT Racer Sport Shoes,Shoes,Women/Shoes,White,adidas,4.4,454
QWW-0682,QT Racer 2.0 Shoes,Shoes,Women/Shoes,White,PUMA,4.2,452
SWW-0743,Swift Run X Shoes,Shoes,Women/Shoes,White,adidas,4.5,562
MWW-0849,Marimekko Trefoil Infill Cropped Tee,Clothing,Women/Clothing,White,adidas,4.7,41
MWY-0727,Multix Shoes,Shoes,Women/Shoes,Yellow,PUMA,4.2,350
KKB-1009,Kaptir 2.0 Shoes,Shoes,Kids/Shoes,Black,adidas,4.7,41
NWB-0114,Nike Air Force 1 Shadow,Shoes,Women/Shoes,Blue,Nike,4.8,20
XWB-1013,X9000L4 Shoes,Shoes,Women/Shoes,Black,adidas,4.5,108
XWW-1012,X9000L4 Shoes,Shoes,Women/Shoes,White,adidas,4.5,108
XWW-1016,X9000L3 Shoes,Shoes,Women/Shoes,White,adidas,4.3,8
XMW-1015,X9000L3 Shoes,Shoes,Men/Shoes,White,adidas,4.3,48
XSP-0264,X Ghosted.3 Firm Ground Cleats,Shoes,Soccer/Shoes,Pink,Nike,4.4,160
XSP-0266,X Ghosted.3 Laceless Firm Ground Cleats,Shoes,Soccer/Shoes,Pink,Nike,4.4,281
ZWG-0724,ZX 1K Boost Shoes,Shoes,Women/Shoes,Grey,PUMA,4.2,77
ZWP-0623,ZX 2K Boost 2.0 Shoes,Shoes,Women/Shoes,Purple,PUMA,4.7,58
ZMB-0660,ZX 1K Boost Shoes,Shoes,Men/Shoes,Beige,adidas,5,1
TOB-0140,Training Football,Accessories,Originals/Accessories,Blue,PUMA,4.7,1331
SMW-0576,Stan Smith Shoes,Shoes,Men/Shoes,White,adidas,4.7,11750
STB-0216,Santiago Lunch Bag,Accessories,Training/Accessories,Black,adidas,5,51
STB-0217,Santiago Lunch Bag,Accessories,Training/Accessories,Black,adidas,5,51
STG-0213,Santiago Lunch Bag,Accessories,Training/Accessories,Grey,adidas,5,51
ZMB-0697,ZX 8000 Shoes,Shoes,Men/Shoes,Beige,adidas,4.8,83
CTG-0508,Classic Next Generation Athlete Backpack,Accessories,Training/Accessories,Green,adidas,4.9,28
HWM-0416,HER Studio London Track Jacket,Clothing,Women/Clothing,Multicolor,adidas,4.7,88
SWB-0347,Superstar Mules,Shoes,Women/Shoes,Black,adidas,3.9,60
SWB-0511,Sport Duffel Bag,Accessories,Women/Accessories,Burgundy,adidas,5,3
SWB-0745,Swift Run X Shoes,Shoes,Women/Shoes,Black,adidas,4.5,562
SWB-0830,Short Piping High-Waist Tights,Clothing,Women/Clothing,Black,adidas,5,5
STG-0215,Santiago Lunch Bag,Accessories,Training/Accessories,Grey,adidas,5,51
FMW-0820,Funny Dino Tee (Gender Neutral),Clothing,Men/Clothing,White,adidas,4.9,35
TWG-0137,T-Shirt,Clothing,Women/Clothing,Green,Nike,4,51
COB-0148,Captains Arm Band,Accessories,Originals/Accessories,Blue,PUMA,2.6,22
RMM-0228,Relaxed Marble Wash Hat,Accessories,Men/Accessories,Multicolor,adidas,5,2
3WG-0221,3-Stripes Low Cut Socks 3 Pairs,Accessories,Women/Accessories,Grey,adidas,4.8,6
TWG-0260,Terrex Speed Pro Trail Running Shoes,Shoes,Women/Shoes,Green,Nike,4.3,15
SMB-0728,Swift Run X Shoes,Shoes,Men/Shoes,Black,PUMA,4.6,1254
TWM-0843,Track Pants,Clothing,Women/Clothing,Multicolor,adidas,4.8,19
SOW-0530,Superstar Shoes,Shoes,Originals/Shoes,White,adidas,4.8,1866
COB-0320,Court Rallye Slip Shoes,Shoes,Originals/Shoes,Black,adidas,4.5,449
5OG-1043,5-Stripes Crew Socks 3 Pairs,Accessories,Originals/Accessories,Grey,SG,4.2,36
WWB-0803,Waist Bag,Accessories,Women/Accessories,Burgundy,adidas,4.6,29
TOM-0226,Trefoil Backpack,Accessories,Originals/Accessories,Multicolor,adidas,4.8,59
SMW-0316,Supernova Tokyo Shoes,Shoes,Men/Shoes,White,Nike,4.5,1047
LMO-0471,Lil Stripe Ignite SZN Hoodie,Clothing,Men/Clothing,Orange,adidas,5,2
NMB-0025,Nike Phantom Venom Academy TF,Shoes,Men/Shoes,Burgundy,Nike,5,1
